,fanhao,name,size,cc
0,STARS-104,小仓由菜,11.26GB,magnet:?xt=urn:btih:EDC6C5AF5B4451564EFA764B758A05F46E85573D
1,STARS-133,小仓由菜,,magnet:?xt=urn:btih:D9001391F79CCC777D14B4AF7675453C98A9778D
2,STARS-080,小仓由菜,12.04GB,magnet:?xt=urn:btih:405F078F141120FC8E7DBE5CDF2AD338593835C5
3,STARS-123,纱仓真菜,,magnet:?xt=urn:btih:5362A9A3FC8F338A0CB2F61FD82569DCE68B6AFF
4,STARS-152,青空光,,magnet:?xt=urn:btih:3F76B512BB7D365E3B2C3D68A16E6B3E09A1BA05
5,ABP-948,野野浦暖,,magnet:?xt=urn:btih:B681AB0503F3D82CC57A87E6735F3DDFF9F5F687
6,ABP-893,铃村爱里,,magnet:?xt=urn:btih:9BA0BD391EB97F693087E030C04CCA5A1F5C2418
7,SDDE-625,古川伊织-篠田优-大槻响,,magnet:?xt=urn:btih:672ABCCAF900E43AF87347672F186A6464529AAC
8,STARS-182,青空光,,magnet:?xt=urn:btih:736AE0FC39DEDE76BC85906034A7CD30D722D3EC
9,STARS-141,本庄铃,,magnet:?xt=urn:btih:B10DB0079CC0AAACC37F3CC7C6BDAE4AC7137F62
10,STARS-232,永野一夏,,magnet:?xt=urn:btih:CEA4D11DF1A691C296732FEA7FEF23163E8C8008
11,FSDSS-070,吉高宁宁,,magnet:?xt=urn:btih:B23FC7AEF1A7021F44C6E540D05848D4EE8EECD0
12,STARS-043,小仓由菜,,magnet:?xt=urn:btih:81F8805FA9AD23723C537064DE98E57DAECC93F7
13,STARS-120,SOD大乱交,,magnet:?xt=urn:btih:CBAFA794499F1ECF7B3BC53111816A621107035F
14,MXGS-916,陽向沙耶香,,magnet:?xt=urn:btih:E3A6792512220F18CF2DACD6B84CB1179CCB6CDB
15,STARS-053,小泉日向,23.10GB,magnet:?xt=urn:btih:864BE215CFD51810E5E160F51914C1E34104BB90
16,STARS-247,户田真琴,,magnet:?xt=urn:btih:D30EA8ECCF241CABFF284250DA8B184DD405AE4B
17,STARS-199,夏目響,,magnet:?xt=urn:btih:2574811D543FE0BAFE9BA747D9AE52CC282DCA74
18,STARS-156,户田真琴,,magnet:?xt=urn:btih:FF70A51664EDEE0B47EC737135F5B9E11B92DBCE
19,MSFH-010,前田桃杏,,magnet:?xt=urn:btih:5442D1B1E98DE33A11A90CC1C28564E39AEECB33
20,STARS-258,小仓由菜,13.75GB,magnet:?xt=urn:btih:BB05FECC37A99A2A60F35E145F61D1F7B31C3AB4
21,STARS-252,纱仓真菜,,magnet:?xt=urn:btih:A525905E190F4048E088F31AEEE6B3E8B9A30178
22,STARS-207,市川雅美,,magnet:?xt=urn:btih:2A93FC14EC75F07EF0E52633679AEEE854F684E1
23,STARS-178,市川雅美,,magnet:?xt=urn:btih:1D032FBC8223AFF7720FB44721B2074C0DC9FCE5
24,KMHRS-003,小岩伊都,,magnet:?xt=urn:btih:623D0C2E3D9E63AFCFB0ECBA70D8AA4FF325877C
25,MXGS-803,吉泽明步,56.73GB,magnet:?xt=urn:btih:3AEEAB4DE87FC415F5BA7D02DF32C76C60958E76
26,STARS-229,户田真琴,26.21GB,magnet:?xt=urn:btih:1467C3EDC72CC9461BB94C30ADA3480D8D4BAD82
27,STARS-140,户田真琴,,magnet:?xt=urn:btih:9BA5700C87ADF8434D475F5C42AA2B4192FF4617
28,MSFH-018,前田桃杏,,magnet:?xt=urn:btih:E527C18F1492357815EDA88E036FCC917C964624
29,STAR-573,松冈千菜片段,,magnet:?xt=urn:btih:865E95999E7E9380F60340925F367D5442130037
30,STARS-225,青空光,,magnet:?xt=urn:btih:AD797477997B26BA4D858251AE1845C49CE7EF8D
31,STKO-004,紺野光,,magnet:?xt=urn:btih:25F86032496C09872FF37B909FAC4B7BD9F3C041
32,STARS-168,青空光,18.22GB,magnet:?xt=urn:btih:8693696D48A97B818B52DB854ED42C261736ECD4
33,ABP-911,乙都咲乃,,magnet:?xt=urn:btih:22ED365486BE42825EAFE144EB77765583243B77
34,ABP-942,春咲凉,,magnet:?xt=urn:btih:9BC5FE3FF4A0A3A8CC6C09D123EABD0D2B20806C
35,MXGS-694,吉泽明步,,magnet:?xt=urn:btih:BBA2FD2DE81FCF12D469ABD13F05314C02DCD803
36,STARS-209,唯井真寻,,magnet:?xt=urn:btih:FEDA2C151154A64D849C7CD94E2A28424B76A1CF
37,MXGS-697,水泽乃乃,22.36GB,magnet:?xt=urn:btih:8BFFB94333ABF10021A3764A50CBBC43B7A2C7A5
38,STAR-927,唯井真寻,,magnet:?xt=urn:btih:BF195A415134AB888F4D40139828BC93F933B993
39,SDDE-617,仓多真央-妃月留衣-宫村菜菜子-三原穗香,,magnet:?xt=urn:btih:2B8AA309746AEC6B88AA5A46CB8AE7A27096324C
40,MXBD-220,香純唯,,magnet:?xt=urn:btih:1604BED8B83598234D6838696450224AD8637C36
41,SDDE-623,加藤桃香-美园和花,,magnet:?xt=urn:btih:5541754597ECDC408489E1886885CE55C3CC249D
42,STAR-931,加藤桃香,12.76GB,magnet:?xt=urn:btih:97098DC4822B0D6B5D8393AC0EB7BC86F39FC354
43,STARS-081,唯井真寻,,magnet:?xt=urn:btih:1297F25088F85894D585B711310EFDCEEA1296C1
44,STARS-086,竹田梦,,magnet:?xt=urn:btih:58C79440E1BA881EF853656F4024386E5D040337
45,STARS-172,和久井玛丽亚,,magnet:?xt=urn:btih:B639E4FD20416764A42A1C0CB9D4C949A4B013EB
46,STARS-238,朝比奈七濑,,magnet:?xt=urn:btih:35ABE37F8AB11ED31EA60DC6FF0E001A3DB9A06E
47,KMHRS-023,泷泽莱拉,,magnet:?xt=urn:btih:34DDB0B8686D161CEEA87CBD132F935607FD0873
48,MXGS-709,水泽乃乃,,magnet:?xt=urn:btih:C5968C855AFD3B5A05463809A377A7D3372345D9
49,MXGS-859,波多野结衣,41.71GB,magnet:?xt=urn:btih:72627246D652B4389DF54066E3C33D40BD75B88F
50,MXGS-868,吉泽明步,47.46GB,magnet:?xt=urn:btih:0DFD77762A871E15E16BCAF026681698DF6A9B14
51,STARS-239,桜井彩,,magnet:?xt=urn:btih:E199CE82265CAAE089880FCFE3C6859D16BABCA2
52,MXGS-791,香纯唯,,magnet:?xt=urn:btih:9C932AEC8BB47B3EF894F5AF2BCA69BCB950D16F
53,SDAB-129,白城梨纱,,magnet:?xt=urn:btih:FECD57CEE94AEAA00325BCF5F85703CCFA334ECA
54,STARS-016,加藤桃香,,magnet:?xt=urn:btih:206CAE3A8ABFEA6B6684B4FC1A61E27953E789C0
55,STARS-042,市川雅美,,magnet:?xt=urn:btih:43BE18400F41F8024CFCA8D01FA38212021B8F12
56,STARS-126,小泉日向,,magnet:?xt=urn:btih:EEC46011E134E36DC689821AC94CFF1C5271B8EA
57,STARS-210,七海蒂娜,,magnet:?xt=urn:btih:AD7DBC3CF8875356C162C793F6144EE4FBDB2EC8
58,STARS-216,户田真琴,,magnet:?xt=urn:btih:FC05BECC964CE86F6E0B8AA481648C728DAE016E
59,ABP-977,乙都咲乃,,magnet:?xt=urn:btih:EC2386F0EF8CCE89215927695E076D3D9D9FF0C0
60,SDJS-033,SOD感谢祭,,magnet:?xt=urn:btih:4770D7CD59227988003E8C87F1F67B85EDCC9C4B
61,SDNT-007,笹本結爱,,magnet:?xt=urn:btih:170E4139065975C0AAF7F2E3CAF3D3A599EF2295
62,STARS-226,朝比奈七濑,,magnet:?xt=urn:btih:DB1A5A40BC1E21ADD9381C0634D7F965064383E9
63,SVDVD-739,加藤桃香,,magnet:?xt=urn:btih:4374E11117B68FB36A18765461CC74721458B106
64,TIGR-007,君色花音,,magnet:?xt=urn:btih:A8955E16444EED3D8CA3BEBF9C81FC5A58F7E03F
65,MXGS-861,吉泽明步,,magnet:?xt=urn:btih:A8541C4BFE609B0B9135D913B28C665563192B40
66,SDMM-028,有坂深雪,,magnet:?xt=urn:btih:84B09996D256CF6C19D7290E69EA7A40CBE87C41
67,STAR-991,加藤桃香,,magnet:?xt=urn:btih:45D8B10D5F65CF67C57040261C58950C6E3628A2
68,STARS-145,永野一夏,,magnet:?xt=urn:btih:7E649ADBE992EE005D8F3E994E00F568D47DE30B
69,STARS-249,唯井真寻,,magnet:?xt=urn:btih:6B1FE38992EE28C0EF087F245EDDFD8890A79D95
70,ONGP-097,涉谷果步,,magnet:?xt=urn:btih:AE1511703FD48BD93D5C2BE104C1F5C61010845A
71,STARS-035,唯井真寻,21.24GB,magnet:?xt=urn:btih:468E73C7E8BF56050AA6087E4CDB81F41D3F8CFE
72,STARS-250,朝比奈七濑,,magnet:?xt=urn:btih:69D71809E533658BE96BBB81EB48E5453361F46A
73,SDAB-110,久留木玲,,magnet:?xt=urn:btih:8AE3623A2963B4067010BC9BC1A290F231E7224D
74,MMGH-251,枢木葵,,magnet:?xt=urn:btih:4D519DFF12A751B9A0C9BF1217DDCC25E6AF55BE
75,ACME-003,美谷朱里,,magnet:?xt=urn:btih:B2106DA0EE547970B7A59BBA029DA481C7EFB9AC
76,AVOP-208,由爱可奈,,magnet:?xt=urn:btih:5E9E2C16E60B0240DEEFB605D0CBA25A065E24F2
77,DANDY-706,羽月希,,magnet:?xt=urn:btih:AA4EA5F40B51E2A23260F9151C74D74BD363DA87
78,MARA-018,涉谷果步,,magnet:?xt=urn:btih:A22681B6BE65C9C105619C7087FA217A29562572
79,MXGS-834,白衣雪,26.49GB,magnet:?xt=urn:btih:FBDBAC015DFD875CC7698752B87F67198CCA1510
80,MXGS-879,千叶宁宁,51.29GB,magnet:?xt=urn:btih:2638A6E00065E8C60533C972197D3C808320C1A5
81,MXNB-001S,吉泽明步,19.26GB,magnet:?xt=urn:btih:F1D12807F6060A1D3C7B9580D528D1D84D8C49B0
82,SDAB-112,久留木玲,,magnet:?xt=urn:btih:500F91CE82359AAE2B8EFC9B041CAAD501AC411A
83,SDAM-046,広瀬結香-小鳥遊ももえ-鈴木真夕,,magnet:?xt=urn:btih:3AA19BEE0B8F89D59351381338EE5BC1515AD5E9
84,SDJS-066,宫崎凛,,magnet:?xt=urn:btih:38905EC3CDA73898D10B0BB1F4E3EA0E7B6E3BAE
85,SDMU-963,美谷朱里,,magnet:?xt=urn:btih:B3A3C4D3D5CCB2E73637FB5A7B5AE5945A780F86
86,SDNT-009,鈴木真夕,17.07GB,magnet:?xt=urn:btih:3C29B69EE91E3606FCB33775F510DF5163243A45
87,SENN-020,安部未华子,,magnet:?xt=urn:btih:BB3F3E0FCB4ADCB095587D71694FC88AD9C0ED1B
88,SHYN-102,枢木葵,,magnet:?xt=urn:btih:5D1EC61E5C5E7E3A1001DF712B6D17300B07501D
89,STAR-971,唯井真寻,,magnet:?xt=urn:btih:A574D4C4B3CAAAC37F0C41B61E78E32078862F55
90,STARS-143,和久井玛丽亚,,magnet:?xt=urn:btih:56A34B761FAC19E0BBBA930826937B182AD881FA
91,STKO-017,荣川乃亚,,magnet:?xt=urn:btih:CBB67D8687195DBD5797A6F6FF5CE663A5A2F77F
92,FLNS-114,吉高宁宁,,magnet:?xt=urn:btih:4A9BF4BE4A6C419AB86878C824B7C8D2DFA8C77E
93,GS-333,三田杏,,magnet:?xt=urn:btih:3B6567F615FAC648738D0B41EF07D12187EA7EEA
94,HUNTA-723,永井美雏,,magnet:?xt=urn:btih:FEC858B33A48FBE23BBE272E023EDE9CBCACE508
95,HYPN-022,早川瑞希,,magnet:?xt=urn:btih:B2AF1CFA195A696F2E97E8E619598BF3C2E5B835
96,HYPN-023,早川瑞希,,magnet:?xt=urn:btih:EF5679AECE5BEF0D038A7A54C135CCBD30E6ABC1
97,LAS-014,阿部乃美久,,magnet:?xt=urn:btih:61567A996E5CA59F2EE7936ADF652B80F079A2AF
98,MXBD-195,吉泽明步,17.32GB,magnet:?xt=urn:btih:9A8939D32CE153C1004664A97263548382F862FB
99,MXBD-211,吉泽明步,,magnet:?xt=urn:btih:6D9991FA1DBBFD3541500A3F9B92862C4994548B
100,MXGS-038,紺野美奈子,,magnet:?xt=urn:btih:6463BF428C9266117D534202D8611376D84AC82D
101,MXGS-102,香澄果穗,29.27GB,magnet:?xt=urn:btih:EF24BA7B23D8A18225584CB11AFAD701409A2C9B
102,MXGS-792,滩纯,,magnet:?xt=urn:btih:A0908CCCB1BA67977686DD61359CA005772404DA
103,SDDE-578,,,magnet:?xt=urn:btih:F0D8F4243EA342422B2E93AC11B7F9FEF6AE5A04
104,SDDE-618,黑川纱里奈,,magnet:?xt=urn:btih:427A078A2FAD24504339375BF66D3B7C24B76214
105,SDNM-229,饭山香织,,magnet:?xt=urn:btih:56D1EC367E22FC55A9583E3FA89181AABF3B544F
106,STKO-005,加藤桃香,,magnet:?xt=urn:btih:01CD912815A35107F3E363AE7AF6C252B97790D4
107,STARS-134,唯井真寻,,magnet:?xt=urn:btih:B4D63822C70B7E55B9FCB559F5A9BA25CC1FE3D4
108,SDNT-005,藤谷咲,,magnet:?xt=urn:btih:D952C918EAB47CF1AB29C73A932EE6559F81064B
109,STKO-013,南梨央奈,,magnet:?xt=urn:btih:85A04A5355B38E1E1A3AF89DE500D5AA83C7A8EA
110,SVDVD-794,一条美緒,,magnet:?xt=urn:btih:653BA5F4572E8FF271491B44409523944B5FF1F2
111,ZSD-074,篠田优,,magnet:?xt=urn:btih:C036E00AE47AE24A62CD0281304EDCFA3276B4D9
112,SDDE-598,大浦真奈美-樱木优希音-爱濑,,magnet:?xt=urn:btih:89F2CD71B83893EC7568E8D3CD19D16D383E14B5
113,STKO-003,阿部乃美久,,magnet:?xt=urn:btih:607DFD0E3C8A484A08463162BCAFD8DAD83C3C7E
114,FLNS-113,吉高宁宁,,magnet:?xt=urn:btih:bdc07d523d3bdf48aba09907681a17647193ee04
115,MRMM-001,美竹涼子,,magnet:?xt=urn:btih:8a22b19f43f475315a7bb222dfd60ad838d917ab
116,MXGS-823,小西悠,,magnet:?xt=urn:btih:c129e8b9af91115c4eb248a41136cb127af0f024
117,SDJS-028,三浦成美-上山美琴-水沢優希-川合美緒,,magnet:?xt=urn:btih:78d5933e5c25ceebf5b66900636250b9900b1c51
118,SDJS-059,浅井心晴,,magnet:?xt=urn:btih:5d98cc501f7cd76397b526799744e831f431fe13
119,SDNT-008,加瀬ななほ,,magnet:?xt=urn:btih:aa3b948715df04d8c1868e0e19dfb6e66fb7d772
120,STARS-118,唯井真寻,,magnet:?xt=urn:btih:cf823c824045d1d0a1e1e805c3b1312ccc012209
122,KMHRS-005,小岩伊都,,magnet:?xt=urn:btih:BD2PGSFEZRLNC6ACY7HPLUISCKDHICKB
124,MXBD-194,白石优杞菜,,magnet:?xt=urn:btih:7438C719A4889B11E3E20DF3F4758ED183C36426
125,MXGS-819,白衣雪,,magnet:?xt=urn:btih:2B23605A3245043204B59456DC8CC8096B10852F
126,MXGS-827,白衣雪,,magnet:?xt=urn:btih:AA61D48D60F2B022F278C7D19388EF33E667AABE
127,MXGS-884,吉泽明步,,magnet:?xt=urn:btih:DAB83DB9DF753364DE791735F84A48B6E17A5728
128,MXGS-895,石神里美,,magnet:?xt=urn:btih:00C70E46351B804E1AEAC86AD6E18AF1151D29C0
129,MXGS-888,佐野葵,,magnet:?xt=urn:btih:0E739F11541C8F19F77B14AABDA3AB0960EC3BEE
132,stars-182,青空光,,magnet:?xt=urn:btih:A4BE28405EEFE9DABB77F0CD3C26A9C972C58048
133,abp-893,铃村爱里,,magnet:?xt=urn:btih:B59015A0B75FFFCCE38680B7A4AECF5AB7EC1C42
134,abp-948,野野浦暖,,magnet:?xt=urn:btih:59B41018B091D241A1C4DAF7715D4E913FEC98CE
135,stars-080,小仓由菜,,magnet:?xt=urn:btih:BE782670CF26CFF13F406705F9EABBCDE46B255F
136,stars-123,纱仓真菜,,magnet:?xt=urn:btih:B5F7385E1E94B426C33597AF329713A421891A89
137,stars-133,小仓由菜,,magnet:?xt=urn:btih:6A69A7898AE46D762AEDC9B07AEDE04F3E042022
