,word,showCount,id,translation
20,school,38,2665976,"n. 学校, 鱼群, 门派, 学派\nvt. 教育, 训练, 培养\nvi. 成群地游"
85,generation,29,1222329,"n. 一代, 一世, 产生\n[医] 生殖, 世代"
56,don,26,873146,"n. 西班牙贵族(或绅士), 先生, 阁下\nvt. 穿上"
72,economy,18,932196,"n. 经济, 理财, 节约\n[医] 经济, 整体"
189,guilt,18,1305410,"n. 罪行, 内疚\n[法] 罪, 犯罪, 罪行"
159,corporate,17,675700,"a. 社团的, 合伙的, 公司的\n[经] 团体的, 法人的, 社团的"
104,lot,15,1753449,"n. 运气, 签, 抽签, 份额, 许多, 一堆\nvt. 划分\nvi. 抽签, 抓阄"
78,recession,15,2509907,"n. 后退, 凹处, 衰退, 归还\n[医] 退缩"
60,approach,15,170268,"n. 接近, 入门\nvt. 接近, 近似, 找...商量\nvi. 靠近"
101,impact,14,1467509,"n. 冲击, 冲突, 影响, 效果\nvt. 挤入, 撞击, 压紧, 对...发生影响"
2,taking,14,2998028,"n. 取得, 捕获, 进款\na. 迷人的, 可爱的, 会传染的"
86,tend,13,3027381,"vi. 走向, 有某种的倾向, 易于, 照顾, 注意\nvt. 照料, 护理"
233,significant,13,2762622,"a. 重要的, 有效的, 有含义的, 暗示的, 值得注意的"
116,address,13,52367,"n. 住址, 演说, 举止, 灵巧, 求爱\nvt. 发表(演说或讲话), 对付, 写地址\n[计] 地址, 寻址"
463,formation,12,1152322,"n. 形成, 构造, 编队\n[医] 形成, 结构"
87,hold,11,1397538,"n. 把握, 把持力, 柄, 控制, 掌握, 监禁\nvt. 保存, 握住, 拿住, 占据, 持有, 拥有\nvi. 支持, 持续, 有效\nn. 保留\n[计] 保留"
61,moment,11,1931377,"n. 片刻, 瞬间, 重要, 阶段, 力矩\n[医] 片刻, 瞬间, 时机, 因素, 矩"
44,control,11,658096,"n. 控制, 管理, 克制, 控制器, 操纵装置\nvt. 控制, 操纵, 抑制\n[计] 控制; 控制器"
200,obesity,11,2095400,"n. 肥胖\n[医] 肥胖, 多脂"
255,individual,11,1490895,"n. 人, 个人, 个体\na. 个别的, 个人的, 独特的"
52,court,10,690891,"n. 法院, 庭院, 奉承\nvt. 献殷勤, 追求, 招致\nvi. 求爱"
527,zone,10,3399153,"n. 地带, 带, 地区\nvt. 环绕, 使分成地带\nvi. 分成区\n[计] 卡片顶部的三行区; 区; 区域"
344,estate,10,1011955,"n. 不动产, (人生的)阶段, 阶层, 财产\n[经] 房地产, 遗产, 财产"
183,decline,10,771396,"n. 衰退, 跌落, 下降\nvt. 使降低, 婉谢\nvi. 下降, 衰落, 偏斜"
93,available,9,231737,"a. 可利用的, 可获得的, 有效的\n[医] 有效的, 可得的"
112,choice,9,537487,"n. 选择, 精选品, 选择权\na. 精选的, 挑三拣四的, 上等的\n[计] DOS内部命令:在批处理文件中\n该命令用于提示用户作出选择, 决定批处理文件的流程"
96,bit,9,335048,"n. 少量, 马嚼子, 辅币\nvt. 给马上嚼子, 控制\nbite的过去式和过去分词\n[计] 比特, 二进制数位, 机内测试"
134,flight,9,1123963,"n. 飞行, 射程, 逃走, 飞跃, 飞机航程, 班机, 迁徙, 飞逝\nvi. 迁徙\nvt. 射击(飞禽), 为(箭)装上羽毛, 使惊飞"
321,fast,8,1068683,"a. 快速的, 紧的\nadv. 很快地, 紧紧地, 彻底地\nn. 绝食, 斋戒\nvi. 绝食, 斋戒"
182,issue,8,1563828,"n. 发行, 问题, 后果, 流出, 出口, 争端\nvi. 发行, 流出, 造成...结果, 传下\nvt. 使流出, 放出, 发行, 发布, 发给"
92,defined,8,778169,"a. 清晰的, 轮廓分明的；有定义的, 确定的"
304,access,8,29098,"n. 通路, 入口, 接近, 进入, 使用权, 发作\nvt. 访问, 存取, 接近, 使用\n[计] 访问, 存取"
235,scale,8,2657886,"n. 刻度, 衡量, 比例, 比例尺, 数值范围, 等级, 规模, 天平, 秤, 鳞, 积垢\nvt. 依比例决定, 攀登, 测量, 绘制, 刮鳞, 使生垢, 过秤\nvi. 剥落, 生水垢, 重量为, 攀登, 衡量\n[计] 刻度"
421,gene,8,1218774,n. 基因\n[化] 基因(遗传因子)
644,sport,8,2859300,"n. 运动, 游戏, 娱乐, 消遣, 玩笑\na. 运动的, 户外穿戴的\nvi. 游戏, 参加体育运动, 戏弄, 产生变种\nvt. 炫耀, 使产生变种"
35,academic,8,26361,"a. 学院的, 学术的, 不切实际的\nn. 大学生, 大学教师, 学者, 学会会员"
119,hide,8,1376359,"n. 兽皮, 迹象, 躲藏处\nvt. 藏, 隐瞒, 遮避, 剥...的皮, 隐藏\nvi. 躲藏\n[计] 隐藏"
8,contrast,7,657521,"n. 差别, 对比, 对照物\nvt. 使对比\nvi. 成对照\n[计] 反差; 对比度"
270,stock,7,2905444,"n. 树干, 祖先, 血统, 原料, 备料, 库存, 牲畜, 股票, 股份, 保留剧目\na. 存货的, 常备的, 平凡的, 普通的, 股票的, 保留剧目的, 繁殖用的\nvt. 装把手于, 进货, 备有, 放牧\nvi. 出新芽, 备货, 囤积"
7,particular,7,2216501,"n. 一项(或条、点), 个别项目, 详细说明\na. 特别的, 独有的, 挑剔的, 详尽的"
222,critical,7,704348,"a. 批评的, 决定性的, 危险的, 临界的\n[医] 危象的; 临界的, 极期的"
434,limited,7,1711356,"a. 有限制的, 有限的, 有限责任的\nn. 特别快车"
774,plastic,7,2308218,"n. 塑料, 可塑体, 可塑性物质\na. 塑料的, 塑造的, 有可塑性的, 造型的, 易受影响的, 有创造力的"
147,potential,7,2357303,"n. 潜在性, 可能性, 潜力, 潜能, 势, 位\na. 有潜力的, 可能的, 潜在的"
538,involved,7,1546633,"a. 难懂的, 复杂的, 不易懂的, 卷入...之中的, 累及..., 与...有关, 被纠缠的\n[计] 包含, 涉及"
68,promote,7,2408405,"vt. 促进, 晋升, 创办, 推销\n[经] 促进, 推广, 推销"
39,desperate,7,803663,"a. 不顾一切的, 危急的, 令人绝望的, 极渴望的"
262,appropriate,7,170548,"a. 适当的\n[经] 适当的, 拨出, 占用"
350,trend,7,3137954,"n. 趋势, 倾向, 走向\nvi. 倾向, 转向\n[计] 趋势"
118,avoid,7,234711,"vt. 避免, 防止, 撤消\n[法] 避免, 回避, 躲开"
167,capacity,7,453080,"n. 容量, 能力, 才能, 资格\n[计] 容量"
21,essential,6,1011271,"n. 要素, 要点, 本质\na. 必要的, 重要的, 本质的\n[计] 本质冒险"
45,habitat,6,1314034,"n. 栖息地, 居留地, 自生地, 聚集处\n[医] 习生地, 产地, 生境, 栖所"
229,boost,6,366266,"n. 推进, 吹捧\nvt. 推进, 提高, 宣扬, 促进"
202,obese,6,2095379,a. 肥胖的\n[医] 肥胖的
427,supreme,6,2961984,"n. 至高, 霸权\na. 至高的, 终极的, 极端的, 最大的"
326,ensure,6,987401,"vt. 确定, 保证, 担保, 保护\n[经] 确保, 确定"
185,unique,5,3210831,"a. 独一无二的, 独特的, 稀罕的"
81,affordable,5,68285,[计] 普及型
133,debate,5,766173,"n. 辩论, 讨论\nv. 争论, 辩论"
437,mean,5,1843608,"a. 低劣的, 卑贱的, 简陋的, 吝啬的, 惭愧的, 平均的, 中间的, 普通的\nvt. 意谓, 想要, 意欲, 预定\nvi. 用意, 有意义\nn. 平均数, 中间, 中庸"
810,rat,5,2491953,"n. 鼠, 卑鄙的人, 破坏者, 变节者\nvi. 捕鼠, 变节\nvt. 弄蓬松"
180,involuntary,5,1546422,"a. 自然而然的, 无意识的, 不知不觉的, 偶然的, 不随意的\n[医] 不随意的"
120,executive,5,1032304,"n. 执行部门, 执行委员会, 执行者, 经理主管人员\na. 执行的, 善于执行的, 善于经营的\n[计] 执行程序"
242,response,5,2558124,"n. 反应, 回答, 响应\n[计] 应答"
330,illegal,5,1461119,"a. 违法的, 不合规定的\n[经] 非法的, 犯规的"
419,myriad,5,1985002,"n. 无数, 无数的人(或物)\na. 无数的, 种种的"
252,automation,5,228431,"n. 自动化, 自动操作\n[计] 自动学; 自动化"
368,confidence,5,637772,n. 信心\n[电] 可靠
442,elite,5,963324,"n. 精华, 精锐, 中坚分子"
65,demand,5,786957,"n. 要求, 需求, 需要\nv. 要求, 查询"
27,packed,5,2186060,"a. 充满...的, 满座的, 挤得满满的, 压坚实的, 塞满了...的, 挤满了人的, 拥挤的\n[计] 压缩的, 装配的"
303,eliminate,5,963012,"vt. 除去, 排除, 剔除, 消除"
191,constant,5,646014,"n. 常数, 恒量\na. 不变的, 一定的, 时常的\n[计] 常量; 常数; 恒值"
533,remains,5,2539996,"n. 剩余物, 废墟, 残余\n[法] 遗体, 尸体, 遗骸"
57,minutes,5,1910110,"n. 会议记录\n[法] 备忘录, 会议记录, 审判记录"
54,appeal,5,167382,"n. 恳求, 诉请, 上诉, 吸引力\nvi. 呼吁, 诉请, 要求, 上诉, 有吸引力\nvt. 将...上诉"
19,lean,4,1679053,"n. 瘦肉, 倾斜, 倾斜度\na. 瘦的, 贫乏的, 歉收的\nvi. 倚靠, 倾斜, 依赖\nvt. 使倾斜"
107,budget,4,406822,"n. 预算\nvi. 编预算\nvt. 编入预算, 安排\na. 廉价的"
338,prone,4,2408902,"a. 俯伏的, 面向下的, 有...倾向的\n[医] 旋前的, 伏的, 俯的"
334,multiple,4,1967506,"n. 倍数, 并联\na. 多样的, 许多的, 多功能的"
560,epidemic,4,994662,"n. 传染病, 流行病\na. 流行的, 传染性的"
478,table,4,2989306,"n. 桌子, 餐桌, 工作台, 铭文, 表格, 表, 高原, 平地层\nvt. 搁置, 嵌合, 制表, 把...列入议事日程\n[计] 表格, 模拟运算表"
207,threat,4,3067929,"n. 恐吓, 恶兆, 威胁\n[经] 威胁"
565,weather,4,3319291,"n. 天气, 气象, 处境\na. 迎风的\nvt. 使受风吹雨打, 侵蚀, 使风化, 经受住\nvi. 风化, 受侵蚀, 经受风雨"
581,fell,4,1078726,"vt. 击倒\nn. 一季所伐的木材, 折缝\na. 凶猛的, 可怕的\nfall的过去式"
645,produce,4,2399875,"n. 生产品, 物产, 后代\nvt. 产生, 生产, 提出, 出示\nvi. 生产, 制造"
424,genetic,4,1223088,"a. 创始的, 遗传的, 起源的, 遗传学的\n[医] 生殖的, 遗传的"
655,verbal,4,3264788,"a. 用言辞的, 言语的, 口头的, 逐字的, 动词的\n[医] 言语的, 口述的"
14,desirable,4,802497,"a. 令人想望的, 可取的"
361,commission,4,611232,"n. 委任状, 任官令, 所委职责, 佣金, 犯, 委托, 所托之事\nvt. 委任, 委托制作, 使服役"
329,rigid,4,2582775,"a. 坚硬的, 刚性的, 严格的, 精密的, 刻板的"
12,measured,4,1845550,"a. 整齐的, 慎重的, 基于标准的"
221,purchase,4,2440749,"n. 购买, 购买品, 紧握, 绞辘\nvt. 购买, 赢得, 努力取得, 用滑轮起(锚等)"
9,sufficient,4,2943770,"a. 充分的, 足够的\n[法] 充分的, 足够的"
448,explore,4,1039561,"v. 探险, 探测, 探究"
292,district,4,859994,"n. 区域, 地方\n[医] 地区, 地段"
140,previous,4,2384229,"a. 早先的, 前面的, 过急的\n[法] 以前的, 生前的, 前述的"
673,helping,4,1360253,"n. 帮助, 协助, 一份"
201,square,4,2865707,"n. 正方形, 街区, 广场, 平方, 直角尺\na. 正方形的, 正直的, 公正的, 平方的, 方正的, 结清的\nadv. 成直角地, 对准地\nvi. 一致, 符合, 结清\nvt. 使成方形, 使平方自乘, 调正, 结清, 使一致"
715,combat,4,604937,"n. 争斗, 战斗\nvi. 战斗, 争斗\nvt. 与...战斗, 与...斗争"
310,reverse,4,2566855,"n. 相反, 背面, 倒退, 挫折, 失败\na. 反面的, 相反的, 反向的, 颠倒的\nvt. 使颠倒, 使逆转, 使倒退, 使反向\nvi. 倒退, 反向, 倒转, 反转\n[计] 反转"
493,enormous,4,986258,"a. 巨大的, 庞大的"
594,context,4,652375,"n. 上下文, 背景, 来龙去脉\nn. 上下文\n[计] 上下文"
84,cross,4,706872,"n. 十字架, 十字架形物件, 交叉, 十字标, 交叉路, 磨难, 杂交\na. 生气的, 交叉的, 相反的\nv. 交叉, 横过, 越过\n[计] 交叉, 十字标"
521,mechanical,4,1846994,"a. 机械的, 机械性的, 力学的\n[医] 机械的, 力学的"
311,sensitive,4,2712511,"a. 敏感的, 易感的, 灵敏的, 感光的\n[机] 敏感的, 灵敏的, 感度高的"
595,motivation,4,1949372,"n. 动机, 刺激, 推动\n[医] 促动, 推动, 诱导"
613,trial,4,3139363,"n. 审判, 试验, 艰苦, 麻烦事, 考验\na. 审讯的, 试验性的"
383,shelter,4,2738550,"n. 庇护所, 避难所, 庇护, 隐蔽处, 掩蔽\nvt. 庇护, 保护, 隐匿\nvi. 躲避"
408,perception,4,2243832,"n. 知觉, 感觉, 领悟力, 获取\n[医] 知觉"
313,dominant,4,872563,"a. 占优势的, 支配的\n[医] 优性的, 显性的"
173,foster,4,1156714,"a. 收养的, 养育的\nvt. 养育, 抚育, 培养, 鼓励, 抱(希望)"
395,ritual,3,2588068,"n. 仪式, 典礼, 宗教仪式\na. 仪式的, 依仪式进行的"
372,anonymity,3,145446,"n. 匿名, 姓氏不明\n[计] 匿名信件"
436,lengthy,3,1688284,"a. 冗长的, 漫长的"
407,blue,3,351089,"n. 蓝色\na. 蓝色的, 下流的, 忧郁的\nvt. 染成蓝色\nvi. 变蓝"
155,depressed,3,796118,"a. 沮丧的, 降低的\n[医] 抑郁的, 阻抑的, 压低的, 凹[陷]的, 扁平的"
336,tolerance,3,3098057,"n. 宽容, 忍受, 容忍, 容许量, 公差\n[计] 允许误差"
335,accomplish,3,30933,"vt. 完成, 达到, 实现, 使完美"
364,massive,3,1828566,"a. 大而重的, 宽大的, 宏伟的\n[医] 大块的, 整块的, 大量的"
154,original,3,2149118,"a. 最初的, 原始的, 有创意的\nn. 原物, 原作"
770,import,3,1470739,"n. 进口货, 进口, 输入, 含义, 重要性\nvt. 输入, 引入, 进口, 含...的意思, 重要\nvi. 有关系\n[计] 引入"
801,addition,3,51436,"n. 加法, 增加的人(或物)\n[计] 加法"
171,objective,3,2096125,"n. 目的, 目标, 宗旨, 宾格, 实物\na. 客观的, 如实的, 无偏见的, 宾格的"
382,guy,3,1309389,"n. 家伙, 支索\nvt. 用支索撑住, 取笑, 嘲弄\nvi. 逃跑"
196,assume,3,203651,"vt. 假定, 承担, 呈现\nvi. 装腔作势, 僭越"
354,impulsive,3,1472999,"a. 冲动的, 受感情驱使的, 任性的\n[医] 冲动的"
205,facilities,3,1054017,"n. 工具, 设施, 设备"
206,campaign,3,445419,"n. 战役, 运动, 竞选运动\nvi. 参加运动, 作战"
169,absorb,3,23773,"vt. 吸收, 使全神贯注, 同化, 买进, 理解, 承受, 忍受, 承担\n[医] 吸收"
243,intellectual,3,1519976,"n. 有知识者, 知识分子, 凭理智做事者\na. 智力的, 用脑力的, 聪明的"
176,fundamental,3,1188903,"n. 基本原理, 原则, 基波\na. 基本的, 重要的, 原音的"
190,appreciate,3,170085,"vt. 赏识, 鉴别, 为...而感激, 领会, 欣赏\nvi. 增值, 涨价"
358,legislation,3,1685393,"n. 立法, 法律\n[医] 立法, 法规"
209,straightforward,3,2913393,"a. 笔直的, 率直的, 明确的, 简单的, 直接的"
157,indifferent,3,1489331,"a. 漠不关心的, 无重要性的, 中立的\n[医] 中性的, 无作用的, 无亲和力的, 淡漠的"
210,settled,3,2725299,"a. 固定的, 决定的, 持续的, 难以消除的\n[经] 付讫的, 固定的, 结过帐的"
343,associate,3,202753,"n. 同伴, 伙伴, 关联的事物\nvt. 使联合, 使发生联系\nvi. 交往\n[计] 关联"
232,identify,3,1455436,"vt. 识别, 认为...等同于, 确定, 使参与\nvi. 一致, 认同"
290,embrace,3,967268,"n. 拥抱\nvt. 拥抱, 互相拥抱, 包含, 收买\nvi. 拥抱"
289,waste,3,3307234,"n. 浪费, 废物, 损耗, 消耗, 荒地, 垃圾, 地面风化物\na. 废弃的, 荒芜的, 多余的\nvt. 浪费, 消耗, 使荒芜\nvi. 浪费, 消耗, 变消瘦"
505,affected,3,67445,"a. 假装的, 做作的, 受影响的"
80,overwhelming,3,2176984,"a. 压倒性的, 无法抵抗的"
508,depression,3,796185,"n. 不景气, 消沉, 沮丧, 洼地\n[医] 抑郁[症], 阻抑, 压低, 凹, 窝, 衰退, 俯角"
756,drought,3,899393,"n. 干旱, 缺乏"
74,retiring,3,2562974,"a. 行将隐退的, 行将退休的, 就寝的"
73,poll,3,2330827,"n. 投票, 民意测验, 选举投票, 投票数, 一组人中的一个, 头颈和后脑部, 鹦鹉\nvt. 对...进行民意测验, 获得...票, 剪树枝, 轮询\nvi. 投票\na. 剪过毛的, 修过枝的\n[计] 轮询"
517,presentation,3,2378448,"n. 赠与, 描述, 介绍\n[计] 简报"
267,urgent,3,3233576,"a. 紧急的, 急迫的, 催逼的\n[经] 紧急的, 急迫的"
59,inclined,3,1481956,"a. 倾向于...的, 想要...的, 可能的, 趋向于...的"
273,labour,3,1645659,"n. 劳动, 努力, 工作, 劳工, 分娩\nvi. 劳动, 努力, 苦干\nvt. 详细分析, 使厌烦"
600,crest,3,701632,"n. 冠, 饰毛, 头盔的顶部\nvi. 到达绝顶\nvt. 加以顶饰"
598,subtle,3,2940444,"a. 敏锐的, 精细的, 狡猾的, 稀薄的, 灵巧的, 微妙的\n[医] 锐敏的; 精细的"
47,restore,3,2559306,"vt. 回复, 恢复, 归还, 修补, 修复\nvt. 还原\nvi. 还原\n[计] 还原; DOS外部命令:从备份盘中取回文件"
36,innovative,3,1508508,"a. 革新的, 创新的, 富有革新精神的"
278,interference,3,1525443,"n. 冲突, 干涉\n[计] 干扰"
299,scheme,3,2663441,"n. 方案, 计划, 组合, 系统, 图解, 诡计, 阴谋\nv. 计划, 设计, 图谋, 策划\n[计] Scheme 程序设计语言"
280,peak,3,2229664,"n. 山峰, 巅, 山顶, 顶点, 尖峰, 帽舌\na. 最高的, 最大值的\nvi. 到达最高点, 消瘦, 变憔悴, 逐渐缩小\nvt. 使竖起, 使达到最高点"
298,perspective,3,2255921,"n. 远景, 透视感, (观察问题的)视角, 透视法, 看法, 透视图\na. 透视的, 透视法的\n[计] 透视"
295,collection,3,597046,"n. 收集, 采集, (一批)收藏品, 募捐\n[医] 收集; 收集品, 标本"
559,swine,3,2972973,"n. 猪, 卑鄙的家伙"
561,alert,3,93788,"a. 警觉的, 灵敏的, 留心的\nn. 警报\nvt. 使警觉, 通知, 使意识到"
22,exposure,3,1041154,"n. 暴露, 揭发, 揭露\n[化] 曝光量; 照射; 照射量"
566,vaccine,3,3242516,"n. 牛痘苗, 疫苗\na. 疫苗的, 牛痘的"
15,sociable,3,2809539,"a. 好交际的, 社交的, 过社会生活的\nn. 联谊会"
578,momentum,3,1931703,"n. 动力, 动量\n[化] 动量"
10,optimism,3,2139781,"n. 乐观主义, 乐观, 乐天\n[医] 乐观主义, 乐观"
6,forward,3,1155130,"a. 向前的, 早的, 迅速的, 在前的, 进步的\nvt. 促进...的生长, 转寄, 运送\nadv. 向前地\n[计] 前推, 转信"
4,sentiment,3,2713533,"n. 感情, 感伤, 情操, 情绪, 感想, 意见\n[医] 情感, 情操"
506,crucial,3,712586,"a. 决定性的, 重要的, 严厉的\n[医] 十字形的; 决断的, 定局的"
511,phrase,3,2277441,"n. 惯用语, 词组, 成语, 措词, 乐句\nvt. 用短语表达, 把(乐曲)分成短句\n[计] 短语"
89,attach,3,213752,"vt. 附上, 使依附, 使附属, 使喜爱, 系, 缚\nvi. 附属, 归属, 联系在一起\n[计] 挂接服务器命令, 关联, 挂接, 附加"
106,random,3,2486895,"n. 随意, 随机\na. 任意的, 随便的, 胡乱的, 随机的\nadv. 胡乱地"
663,interaction,3,1522096,"n. 交互作用, 交感\n[计] 交互作用"
331,brand,3,383514,"n. 商标, 牌子, 烙印\nvt. 打烙印于"
662,ideology,3,1455793,"n. 思想体系, 意识形态, 观念学, 空论\n[医] 观念学, 观念形态"
450,impose,3,1471201,"vt. 征(税), 把...强加于, 以...欺骗\nvi. 利用, 欺骗, 施加影响"
131,boring,3,368562,"a. 烦人的, 无聊的, 无趣的\n[机] 成孔期, 搪孔"
452,marked,3,1820757,"a. 有记号的, 显著的, 醒目的\n[化] 有记号的; 显著的"
658,feedback,3,1076604,"n. 反馈, 反应\n[计] 反馈"
128,thrive,3,3071991,"vi. 繁荣, 兴旺, 茁壮成长\n[经] 兴旺, 繁荣, 旺盛"
643,legacy,3,1684136,"n. 祖先传下来之物, 遗赠物\n[经] 遗产, 遗赠物"
117,prospect,3,2413741,"n. 景色, 展望\nvt. 勘探, 勘察\nvi. 勘探, 有前途"
254,vulnerable,3,3295042,"a. 易受伤害的, 有弱点的, 易受影响的, 脆弱的, 成局的\n[医] 易损的"
365,exception,3,1028957,"n. 例外, 除外, 异议\n[计] 例外; 异常"
325,accelerate,3,27717,"v. 加速, 促进"
488,equivalent,3,1001874,"n. 同等物, 等价物, 相等物\na. 相等的, 相当的, 同意义的\n[计] 等价的"
256,initiative,3,1505376,"n. 主动行动, 首创精神, 主动权\na. 自发的, 起始的"
323,moderate,3,1923867,"a. 适度的, 稳健的, 中等的, 节制的\nvt. 节制, 减轻, 使缓和\nvi. 变缓和, 主持会议"
98,acknowledge,3,38627,"vt. 承认, 告知收悉, 答谢, 报偿\n[经] 承认, 答谢, 收到的通知"
91,priority,3,2392941,"n. 优先权, 优先\n[计] 优先级"
497,remove,3,2542686,"vt. 移动, 调动, 除去, 迁移, 开除, 移交\nvi. 迁移, 移动, 搬家\nn. 班级, 升级, 移动, 搬家, 间距\n[计] 删除"
100,lasting,3,1665417,"a. 永久的, 永恒的, 持久的\nn. 厚实斜纹织物"
345,slice,2,2793016,"n. 薄的切片, 一部分, 菜刀\nvt. 切成薄片, 切下\nvi. 切\n[计] 片"
294,readily,2,2503147,"adv. 迅速地, 轻易地, 乐意地"
318,chip,2,532422,"n. 屑片, 薄片, 碎片\nvt. 削, 切, 削成碎片, 使摔倒, 凿\nvi. 削下屑片\n[计] 孔屑; 组件; 晶片; 芯片"
341,exclusive,2,1031271,"a. 排外的, 独占的, 唯一的\n[计] 独占的"
725,compliment,2,623366,"n. 称赞, 恭维, 敬意\nvt. 称赞, 褒扬, 恭维"
741,psychology,2,2427453,"n. 心理学, 心理状态\n[医] 心理学"
312,temporary,2,3026199,"a. 暂时的, 临时的\nn. 临时工, 临时雇员\n[计] 临时"
319,mill,2,1900528,"n. 压榨机, 磨坊, 制造厂\nvt. 碾磨, 磨细, 搅拌, 使乱转\nvi. 乱转, 被碾磨"
351,assessment,2,201570,"n. 评估, 估定, 评定的款额\n[化] 评估"
340,assess,2,201504,"vt. 估定, 对...征税, 评定\n[经] 估计, 估价, 确定(税款罚款等)的金额"
722,indispensable,2,1490651,"n. 不可缺少之物\na. 不可缺少的, 责无旁贷的, 绝对必要的"
302,check,2,518850,"n. 检查, 支票, 阻止物, 寄物牌, 象棋中将军\nvt. 检查, 阻止, 核对, 寄存, 托运\nvi. 逐项相符, 开支票\n[计] 复选"
327,permanent,2,2251356,"a. 永久的, 不变的, 固定的, 持久的\nn. 烫发\n[计] 永久的"
322,illustrate,2,1462105,"vt. 举例说明, 作图解, 阐明\nvi. 举例说明"
308,reward,2,2569966,"n. 报酬, 酬谢, 赏金\nvt. 奖赏, 酬谢, 给...应有报应"
735,definition,2,778424,"n. 定义, 精确度, 清晰度\n[计] 清晰度; 清晰度"
737,confirm,2,638251,"vt. 证实, 确定, 批准, 使巩固\n[计] 确认"
861,dealing,2,765071,"n. 经营行为, 行为, 交易\n[法] 待遇, 处置, 行为"
366,governance,2,1274587,"n. 统治, 统辖, 管理\n[法] 统治, 管理, 支配"
499,inhabit,2,1503091,"vt. 居住于, 占据, 栖息"
522,acquired,2,41017,"a. 获得的, 后天的\n[医] 获得的, 后天的"
518,abstract,2,24655,"a. 抽象的, 深奥的\nn. 摘要, 抽象概念\nvt. 摘要, 提炼, 使抽象化\n[计] 摘录; 摘要; 抽象"
515,abundance,2,25225,"n. 丰富, 充足, 大量\n[经] 丰富, 充裕"
509,restraint,2,2559486,"n. 抑制, 克制, 束缚\n[医] 约束, 拘束"
507,prosperity,2,2413918,"n. 繁荣, 茂盛, 成功\n[经] 繁荣"
501,distant,2,857283,"a. 远的, 疏远的\n[经] 远期的"
498,charitable,2,515498,"a. 大慈大悲的, 宽厚的, 慈善的\n[法] 慈善的, 慷慨的, 宽恕的"
704,diversity,2,862273,"n. 差异, 多样性\n[化] 多样性"
625,assemble,2,200867,"vt. 集合, 收集, 装配\nvi. 集合\n[计] 汇编"
494,subsequent,2,2938088,"a. 后来的, 接下去的\n[经] 后来的"
629,civil,2,557224,"a. 市民的, 公民的, 有礼貌的\n[法] 公民的, 国民的, 民用的"
487,proposal,2,2412181,"n. 提议, 计划, 求婚\n[经] 提案, 申请, 投标"
631,investigate,2,1545231,"v. 调查, 审查"
481,safe,2,2629639,"n. 保险箱, 冷藏室\na. 安全的, 可靠的, 平安的, 稳健的, 有把握的"
530,monetary,2,1932900,"a. 货币的, 金钱的\n[经] 货币的, 金融的"
532,fiscal,2,1108557,"a. 财政的, 国库的\n[经] 财政上的, 会计的, 国库的"
537,agreement,2,75551,"n. 同意, 合约, 协议\n[经] 契约, 协议, 协定"
603,gum,2,1306504,"n. 树胶, 橡皮, 橡皮糖, 牙床, 老天\nvt. 涂以树胶, 用胶粘, 使有粘性\nvi. 分泌树胶, 发粘"
541,curb,2,724290,"n. 抑制, 勒马绳, 边石\nvt. 抑制, 束缚, 勒住"
597,gamble,2,1200983,"n. 赌博, 冒险\nv. 赌博, 孤注一掷"
596,hygiene,2,1438032,"n. 卫生保健, 卫生学, 保健法\n[医] 卫生, 卫生学"
593,cartoon,2,472387,"n. 卡通画, 漫画\nv. 画漫画"
592,husband,2,1427828,"n. 丈夫, 管理人, 节俭的人\nvt. 节俭, 使成丈夫, 持有"
552,mobile,2,1921241,"a. 移动的, 易变的, 机动的\nn. 活动物体"
555,greenhouse,2,1289949,n. 温室
589,virtual,2,3281414,"a. 实际上起作用的, 虚的, 实质的, 有效的, 事实上生效的\n[计] 虚拟"
588,havoc,2,1343110,"n. 大破坏, 蹂躏\nvt. 严重破坏"
558,emit,2,970074,"vt. 发出, 放射, 发表(意见等), 散发, 发行\n[化] 放射"
582,auction,2,216431,n. 拍卖\nvt. 拍卖
574,prevalent,2,2383782,"a. 普遍的, 流行的"
575,principal,2,2390234,"n. 校长, 首长, 本金, 主犯, 资本, 委托人\na. 主要的, 最重要的, 首要的"
480,license,2,1700104,"n. 执照, 许可证, 特许\nvt. 许可, 特许"
636,dilemma,2,831402,"n. 困境, (进退两难的)窘境"
640,substitute,2,2939336,"n. 代理, 代理人, 代用品, 代替者, 代替物\nvt. 代替\nvi. 替代, 取代, 代用\na. 代替的, 代用的, 代用品的\n[计] 置换; 替代"
405,neutral,2,2024596,"n. 中立者, 中立国, 非彩色, 空档\na. 中立的, 中性的, 无色的"
703,obvious,2,2098928,"a. 明显的, 明白的, 显然的, 平淡无奇的"
374,claim,2,558486,"n. 要求, 要求权, 断言, 权利\nvt. 要求, 认领, 主张\nvi. 提出要求, 主张, 断言"
702,headlong,2,1347111,"a. 头向前的, 仓猝而用力的, 轻率的\nadv. 头向前地, 猛然地, 用力地"
701,principle,2,2390957,"n. 原则, 原理, 主义\n[化] 原理"
377,acute,2,48018,"a. 尖锐的, 敏锐的, 激烈的, 严重的, 急性的\n[医] 急性的; 尖锐的"
378,vivid,2,3286780,"a. 生动的, 鲜明的, 鲜艳的, 活泼的, 逼真的, 清晰的"
379,recall,2,2508246,"n. 回忆, 召回, 撤消\nvt. 回想, 回忆, 召回, 撤消, 使恢复\n[计] 检索"
381,liberated,2,1699233,"a. 解放的, 自由的"
699,prejudice,2,2374304,"n. 偏见, 成见, 侵害\nvt. 使存偏见, 使有成见, 侵害"
697,justify,2,1592969,"vt. 替...辩护, 证明\nvi. 证明合法\n[计] 段落重排, 两端对齐"
388,personalities,2,2255538,"n. 人身攻击, 诽谤"
399,thorny,2,3066610,"a. 多刺的, 令人苦恼的"
683,mechanism,2,1848603,"n. 机械, 机构, 结构, 机理, 技巧\n[化] 机理; 历程; 机构"
404,innocence,2,1508316,"n. 无罪, 无知, 天真无邪\n[法] 无罪, 无罪的人, 清白无辜者"
409,infant,2,1496439,"n. 婴儿, 儿童, 初学者\na. 婴儿的, 幼稚的"
657,tension,2,3029051,"n. 紧张, 不安, 拉紧, 张力, 压力, 电压\nvt. 拉紧, 使紧张"
676,expenditure,2,1037643,"n. 开支, 费用, 用光, 消费额\n[经] 支出, 费用, 消费"
418,relieved,2,2538977,"a. 宽慰的, 解除的, 减轻的"
422,suppress,2,2960744,"vt. 镇压, 使止住, 禁止, 抑制, 查禁\n[法] 镇压, 平定, 禁止出版"
423,innovation,2,1508468,"n. 改革, 创新\n[法] 创新, 改革, 刷新"
426,genome,2,1224303,[化] 基因组\n[医] 染色体组
672,application,2,168674,"n. 应用, 申请, 志愿书, 应用程序\n[计] 应用, 应用程序"
670,inherent,2,1503282,"a. 固有的, 与生俱来的\n[医] 固有的, 生来的"
438,inclusive,2,1482483,"a. 包含的, 包括的"
439,conflict,2,638503,"n. 战斗, 冲突, 矛盾, 争执\nvi. 争执, 战斗, 冲突, 抵触\n[计] 冲突"
440,period,2,2248221,"n. 时期, 节段, 节, 句点, 学时, 周期\na. 当时特有的, 过去某段时期的\ninterj. 就是这话, 就是这么回事"
665,conjunction,2,641931,"n. 连接词, 联合, 结合\n[计] 合取"
446,fabric,2,1052039,"n. 织物, 布, 结构, 构造, 建筑物\n[经] 组织, 建筑物, 工厂"
447,extend,2,1042186,"v. 扩充, 延伸, 伸展, 扩大\n[计] 扩展"
661,oppressive,2,2136994,"a. 压制性的, 压迫的, 沉重的"
666,overlook,2,2174138,"vt. 俯瞰, 远眺, 没注意到\nn. 眺望, 俯瞰到的景色"
291,feature,2,1074408,"n. 面孔的一部分(如眼、口等), 特征, 容貌, 特色, 特写\nvt. 是...的特色, 特写, 放映\nvi. 起重要作用\n[计] 特性"
576,initial,2,1504133,"n. 字首, 首字母\na. 开始的, 最初的, 字首的\nvt. 用姓名的首字母签名"
214,rewarding,2,2570006,"a. 有益的, 有报酬的, 报答的"
95,scared,2,2660488,"a. 害怕的, 担惊受怕的, 惊慌的, 吓坏了的"
828,tackle,2,2991138,"n. 工具, 复滑车, 滑车, 装备, 扭倒\nvt. 固定, 处理, 抓住\nvi. 扭倒"
831,emission,2,969838,"n. 发射, 射出, 发行\n[医] 发射, 遗精"
82,mortgage,2,1946216,"n. 抵押, 约束性义务, 抵押借款\nvt. 抵押, 以...作担保, 把...许给"
79,converge,2,662039,"vi. 聚合, 集中于一点\nvt. 使集合"
195,concentrate,2,631084,"n. 浓缩, 精选\nv. 集中, 专心"
199,deficiency,2,777863,"n. 缺乏, 不足\n[医] 缺乏, 不足"
212,lottery,2,1753758,"n. 奖券, 彩票, 运气\n[经] 抽彩给奖法"
75,secure,2,2689377,"a. 无虑的, 安心的, 安全的, 可靠的, 保险的\nvt. 固定, 获得, 保证, 使安全, 掩护, 招致\nvi. 停止操作, 船抛锚"
217,buck,2,405457,"n. 元, 雄鹿, 纨绔子弟, 鞍马, 培克(赌博时的庄家标志), 碱水, 自夸, 谈话\nvi. 马背突然拱起, 反对, 吹牛, 闲聊\nvt. 马背突然拱起将骑手摔下, 反对, 用碱水洗\na. 雄的"
50,coalition,2,581204,"n. 结合体, 结合, 联合\n[经] 联合, 联盟"
218,charity,2,515550,"n. 慈悲, 博爱, 慈善团体, 施舍\n[法] 宽大, 宽恕, 慈善机关"
223,ambiguous,2,115755,"a. 不明确的, 模棱两可的\n[法] 意思含糊的, 模棱两可的, 暧昧的"
225,employ,2,971538,"n. 雇用\nvt. 雇用, 使用, 使从事于"
226,illusory,2,1462092,"a. 产生幻觉的, 幻影的, 错觉的\n[法] 因错觉产生的, 虚幻的"
227,superiority,2,2956363,"n. 优越, 高傲\n[化] 优越性"
234,profound,2,2403337,"a. 极深的, 深厚的, 深刻的, 渊博的"
237,reflection,2,2525051,"n. 反映, 沉思, 映像, 想法, 责难\n[计] 反射"
843,assuage,2,203601,"vt. 平息, 缓和, 减轻"
51,rhetoric,2,2572443,"n. 修辞, 修辞学, 雄辩(术)"
99,content,2,651957,"n. 内容, 满足, 意义, 要旨\na. 满足的, 满意的\nvt. 使...满足, 使...安心\n[计] 内容"
102,grateful,2,1284048,"a. 感谢的, 感激的, 令人快意的, 受欢迎的"
186,press,2,2379450,"n. 压, 揿, 按, 人群, 印刷机, 压力, 出版社, 记者, 报刊, 新闻舆论, 紧迫\nvt. 压, 压榨, 紧抱, 逼迫, 推进, 强迫征募, 催逼\nvi. 压, 重压, 催促, 拥挤, 奋力前进, 受压"
789,base,2,272265,"n. 底部, 垒, 基础, 基地\nvt. 以...作基础\na. 卑鄙的, 低劣的\n[计] 基准"
813,genuine,2,1225394,"a. 真正的, 真实的, 诚恳的\n[医] 真性的"
126,smart,2,2801286,"a. 聪明的, 漂亮的, 刺痛的, 剧烈的, 敏捷的, 巧妙的, 伶俐的, 潇洒的\nn. 刺痛, 痛苦\nvi. 刺痛"
135,consequence,2,644249,"n. 结果, 重要性\n[法] 结果, 后果, 推断"
139,motivate,2,1949360,"vt. 给与动机, 刺激, 提高...的学习欲望, 促动\n[经] 促动, 激发, 激励"
141,relaxation,2,2537073,"n. 松弛, 放松, 减轻, 缓和, 休息, 休养\n[化] 松弛; 驰豫"
142,nutrition,2,2091165,"n. 营养, 营养学\n[医] 营养, 营养品"
143,lag,2,1649735,"n. 落后, 囚犯, 迟延, 桶板, 防护套\na. 最后的\nvi. 落后, 蹒跚, 缓缓而行, 滞后\nvt. 落后于, 押往监狱, 加上外套\n[计] 延迟; 落后"
150,modest,2,1924617,"a. 谦逊的, 羞怯的, 端庄的, 适度的\n[经] 适当的"
153,navigate,2,2004387,"vi. 航行\nvt. 航行于, 驾驶, 操纵, 使通过"
123,perceive,2,2243269,"v. 感觉; 认识, 理解; 察觉到, 意识到, 注意到"
158,infer,2,1497242,"vt. 推论出, 推断\nvi. 作推论"
160,frequent,2,1171431,"a. 时常发生的, 频繁的, 快速的\nvt. 时常来访, 常常聚集, 常与...交往"
164,terminology,2,3032726,"n. 术语, 术语学\n[医] 名词学, 命名法"
165,prompting,2,2408753,"n. 刺激, 激励, 提示\n[计] 提示; 提醒"
168,irony,2,1553475,"n. 反语, 讽刺, 具有讽刺意味的事"
795,composed,2,623890,"a. 镇静的, 沉着的"
110,institute,2,1514735,"n. 学会, 学院, 协会\nvt. 创立, 开始, 制定, 任命"
108,lure,2,1768558,"n. 饵, 诱惑\nvt. 引诱, 诱惑"
790,harsh,2,1336618,"a. 粗糙的, 刺耳的, 严厉的\n[法] 粗糙的, 严厉的, 苛刻的"
241,intuitive,2,1542431,a. 直觉的
216,wage,2,3297084,"n. 工资, 报应, 报偿\nvt. 开展, 进行\nvi. 进行"
29,curriculum,2,726927,"n. 课程\n[医] 课程, 学程"
748,regulate,2,2531540,"vt. 管理, 控制, 调节, 调整, 校准\n[经] 控制, 管理"
277,forecast,2,1147203,"n. 预想, 预测, 预报\nvt. 预想, 预测, 预报\n[计] 趋势预测"
276,release,2,2537696,"n. 释放, 发泄, 豁免, 发行, 释放证书\nvt. 释放, 解除, 放松, 豁免, 免除, 发布, 放弃, 让与\nn. 发布\n[计] 版本, 发布"
275,adjust,2,56124,"vt. 调整, 使适应于, 校准\nvi. 适应于, 被调节, 相互熟悉而适应"
41,status,2,2888487,"n. 状态, 情形, 地位, 要人身份\n[计] 状态"
758,vital,2,3285119,"a. 生命的, 重要的, 充满活力的, 生死攸关的, 致命的\n[医] 生命的, 生活的, 生活上必需的, 紧要的"
257,formula,2,1153255,"n. 客套语, 公式, 准则\n[计] 公式"
253,hail,2,1316969,"n. 冰雹, 致敬, 欢呼, 招呼\nvt. 向...欢呼, 致敬, 招呼, 使象下雹样落下\nvi. 招呼, 下雹\ninterj. 万岁, 欢迎"
31,coax,2,582855,"vt. 哄, 诱骗, 耐心地摆弄\nvi. 哄骗\n[计] 同轴电缆"
37,compete,2,619643,"vi. 竞争, 对抗"
43,tag,2,2992345,"n. 标签, 附属物, 碎片, 结束语, 口头禅, 附加语, 浑名, 标记, 标记符\nvt. 附以签条, 尾随, 添饰, 起浑名, 连接\nvi. 紧紧跟随\n[计] 标记"
251,immune,2,1466180,"a. 免疫的, 免除的, 不受影响的\nn. 免疫者"
246,boom,2,365813,"n. 繁荣, 隆隆声\nvi. 急速发展, 发隆隆声\nvt. 使兴旺, 发隆隆声"
24,transform,2,3125278,"vt. 使转换, 改变, 改造, 使...变形\nvi. 改变, 转化, 变换\n[计] 变换"
744,rein,2,2533341,"n. 缰绳, 统治, 支配\nvt. 驾驭, 以缰绳控制, 控制\nvi. 勒住马"
247,bust,2,421573,"n. 半身像, 胸部, 失败, 殴打\nvt. 使爆裂, 使破产\nvi. 爆裂, 破产\n[计] 操作错"
250,appetite,2,168001,"n. 食欲, 欲望, 爱好\n[医] 食欲"
271,certainty,2,502062,"n. 确定, 确实的事情\n[法] 确定, 肯定, 必然的事"
48,compensate,2,618821,"v. 偿还, 补偿, 付报酬"
585,circulation,1,553633,"n. 流通, 循环, 发行量\n[化] 环流"
587,episode,1,996743,"n. 插曲, 插话, 有趣的事件, 一段情节\n[医] 插话, 插曲, 发作"
638,counterbalance,1,687467,"vt. 使平均, 使平衡, 使弥补\nn. 平衡量, 平衡力, 势均力敌"
855,expand,1,1036171,"vt. 使膨胀, 详述, 扩张\nvi. 张开, 发展\nvt. 展开\nvi. 展开\n[计] 展开; DOS外部命令:将原始DOS磁盘上的压缩文件解压缩并拷贝到硬盘上"
637,mortality,1,1946023,"n. 必死的命运, 死亡数目, 死亡率\n[医] 必死性, 死亡率"
820,adaptable,1,50046,"a. 能适应的, 适合的, 可修改的"
854,confidant,1,637756,"n. 心腹朋友, 知己"
821,rig,1,2580496,"n. 装备, 帆装\nvt. 装配, 装扮, 给船装帆, 垄断, 操纵"
824,sophistication,1,2826508,"n. 诡辩, 老于世故, 复杂(性)\n[医] 掺假"
822,dynamic,1,916213,"a. 动态的, 有活力的, 有力的, 动力的, 不断变化的\nn. 动力, 动态\n[计] 动态的"
823,animated,1,141056,"a. 活生生的, 能活动的, 活泼的, 欢快的"
635,boulder,1,373876,"n. 大圆石\n[机] 圆石, 漂石"
630,blueprint,1,352541,"n. 蓝图, 设计图, (周详的)计划\nvt. 制成蓝图, 计划"
586,couch,1,684980,"n. 长沙发, 睡椅, 卧榻\nvt. 横躺, 表达\nvi. 躺下, 蹲伏"
634,pilot,1,2290343,"n. 飞行员, 领航员, 航船者, 导向器, 驾驶仪, 向导, 领导人\nvt. 领航, 驾驶, 引导, 试用\na. 引导的, 控制的, 试点的\n[计] 引导"
633,unsubstantiated,1,3223760,"[法] 未经证实的, 不能肯定的"
632,cargo,1,466059,n. 货物\n[经] 货柜
639,reserved,1,2552456,"a. 保留的, 预备的, 预定的, 腼腆的, 不露感情的, 含蓄的, 缄默的, 冷淡的\n[法] 用作储备的, 保留的, 预定的"
818,attain,1,214199,"vt. 达到, 获得\nvi. 达到"
819,differentiate,1,825362,"v. 区别, 区分"
641,exclude,1,1031156,"vt. 除外, 排除, 排斥\n[医] 除外(诊断)"
656,separate,1,2713932,"n. 独立件, 抽印本\na. 分开的, 各别的, 单独的, 分隔的\nvi. 分开, 隔开, 分居\nvt. 使分离, 使分开, 区分, 使分居"
860,torrent,1,3107704,"n. 奔流, 倾盆大雨, 倾注, 迸发"
859,fake,1,1058121,"n. 假货, 欺骗, 诡计\na. 假的\nvt. 假造, 仿造\nvi. 伪装"
654,studied,1,2927230,"a. 有计划的, 慎重的"
653,disengage,1,849359,"vt. 使脱离, 使松开, 使摆脱约束(或义务等)\nvi. 脱离, 解脱"
858,engender,1,982451,"vt. 产生, 引起\nvi. 发生, 形成"
579,founder,1,1157572,"n. 创立者, 建立者\nvt. 使沉没, 使摔倒, 弄跛, 浸水, 破坏\nvi. 沉没, 摔到, 变跛, 倒塌, 失败"
652,supervise,1,2958563,"v. 监督, 管理, 指导"
580,controversy,1,660757,"n. 论争, 辩论, 论战, 争论\n[法] 论战, 争论, 争吵"
651,elitism,1,963365,n. 精英主义
816,reciprocity,1,2510958,"n. 相互性, 相互作用, 互惠主义\n[经] 互惠性, 相关性"
650,green,1,1288621,"n. 绿色, 绿色颜料\na. 绿色的, 未成熟的, 新鲜的, 青春的, 无经验的, 脸色发青的"
649,provision,1,2419128,"n. (政府提供的)钱和设备, 准备, 供应品, 规定, 条款\nvt. 供给...食物及必需品"
648,absurd,1,24965,"a. 荒谬的, 不合理的, 可笑的\nn. 荒诞"
857,exceptional,1,1029051,"a. 例外的, 异常的, 特别的"
647,dual,1,904333,"a. 双重的, 双的\nn. 双数"
646,ethos,1,1015520,n. 气质；民族精神；社会思潮
856,nice,1,2031737,"a. 美好的, 和蔼的, 正派的, 做得好的, 精密的, 细微的, 挑剔的, 谨慎的"
817,hostile,1,1414496,"a. 敌人的, 怀敌意的, 敌对的\nn. 敌对分子"
583,reckon,1,2511273,"vt. 计算, 总计, 估计, 认为, 猜想\nvi. 数, 计算, 估计, 依赖, 料想"
628,intimate,1,1538889,"a. 亲密的, 私人的, 秘密的\nvt. 暗示, 通知, 告诉\nn. 至交"
584,slump,1,2798983,"n. 暴跌, 垂头弯腰的姿态\nvi. 猛然掉落, 陷入, 衰落(经济等)"
642,inspired,1,1513389,"a. 得到灵感的, 有灵感的, 官方授意的"
825,potent,1,2357282,"a. 有力的, 有说服力的, 有效的\n[医] 有力的, 有性交能力的"
845,reserve,1,2551994,"n. 储备品, 贮量, 后备军, 自然保护区, 保留, 拘谨, 节制, 储备金\nvt. 保留, 保存, 预订, 延期, 推迟"
627,nautical,1,2003558,"a. 海上的, 航海的, 船员的"
834,safeguard,1,2630060,"n. 保卫, 保护措施, 防护设施\nvt. 保卫, 保护"
615,intentional,1,1521192,"a. 故意的, 与目的有关的\n[法] 故意的, 有意的"
847,averse,1,233864,"a. 不愿意的, 反对的"
614,conscience,1,643803,"n. 良心\n[法] 良心, 道德感, 正义感"
836,asthma,1,204716,n. 哮喘\n[医] 气喘
837,untimely,1,3224896,"a. 不到时候的, 不合时令的, 不适时的"
838,compliance,1,623201,"n. 遵从, 顺从, 屈从\n[化] 柔顺; 顺应"
612,religion,1,2539120,"n. 宗教, 信仰\n[法] 宗教, 宗教信仰, 信仰"
611,concrete,1,632943,"n. 凝结物, 混凝土\na. 具体的, 实在的, 混凝土的\nv. (使)凝结, 用混凝土浇筑"
610,manifest,1,1809299,"n. 载货单, 运货单, 旅客名单\na. 显然的, 明白的\nvi. 显示, 出现\nvt. 表明, 表现, 证明"
839,minimize,1,1906627,vt. 将...减到最少\nvt. 最小化\nvi. 最小化\n[计] 最小化
609,indicate,1,1488614,"vt. 显示, 象征, 指示, 指出\n[医] 指示"
608,cultivated,1,720893,"a. 耕耘的, 栽植的, 有教养的"
840,arouse,1,185785,"vt. 唤醒, 鼓励, 引起\nvi. 醒来"
607,relentless,1,2538154,"a. 无情的, 冷酷的, 残酷的"
841,upgrade,1,3227932,"n. 上坡, 升级, 上升\nadv. 往上\nvt. 使升级, 提升, 改良品种\nvi. 升级\n[计] 升级"
842,impressionable,1,1471815,"a. 易感的, 敏感的, 可塑的"
606,viable,1,3272356,"a. 能养活的, 能生长发育的\n[医] 有活力的, 有生机的"
605,carol,1,468345,"n. 颂歌, 欢乐的歌\nv. 歌颂, 欢唱"
604,adolescent,1,59003,"a. 青春期的, 青少年的\nn. 青少年"
846,trait,1,3121977,"n. 特征, 特性, 一笔, 少许"
844,underlying,1,3200199,"a. 在下面的\n[经] 优先的, 基础的, 放在下面的"
602,sip,1,2780469,"n. 啜饮, 小口喝, 抿\nvi. 啜饮\nvt. 啜\n[计] 单列直插式组件"
599,scrub,1,2676610,"n. 用力擦洗, 矮树, 矮人, 渺小之物\nvt. 用力擦洗, 擦掉, 摩擦\nvi. 擦洗干净, 进行手臂消毒\na. 次等的, 矮小的, 非正规球队的, 临时凑合的"
835,premature,1,2375077,"a. 早产的, 过早的, 不成熟的\nn. 早产儿, 过早发生的事物"
814,communal,1,614603,"a. 公有的, 公社的\n[法] 公共的, 自治体的, 巴黎公社的"
826,beacon,1,289896,"n. 烽火, 灯塔\nv. 照亮"
616,eligible,1,962915,"a. 有资格当选的, 合格的\nn. 有资格者, 合格者, 适任者"
853,mate,1,1831596,"n. 配偶, 对手, 助手, (象棋)将死\nvt. 使配对, 使一致, 结伴, (象棋)将死\nvi. 成配偶, 紧密配合"
626,companion,1,617145,"n. 朋友, 陪伴, 指南, 升降口围罩\nvt. 陪伴"
852,cubicle,1,719095,n. 小卧室\n[医] 小隔间(宿舍或病室中的)
827,demise,1,788262,"n. 崩, 薨, 死亡\nvt. 让渡, 遗赠, 转让"
601,beverage,1,315677,n. 饮料\n[化] 饮料(如牛奶、茶、咖啡、啤酒等)
851,stray,1,2916439,"n. 走失的家畜, 浪子\na. 迷途的, 偶然的\nvi. 迷路, 彷徨, 流浪"
624,aeronautics,1,65853,"n. 航空学, 飞行术\n[机] 航空学"
829,contentious,1,652196,"a. 好争吵的, 爱争论的, 有异议的\n[法] 诉讼的, 争执的, 引起争论的"
623,expend,1,1037583,"vt. 花费, 消耗, 用光"
622,conform,1,638785,"vt. 使一致, 使遵守, 使符合\nvi. 一致, 符合, 适应"
621,evade,1,1023176,"v. (巧妙地)逃脱, 规避, 逃避"
830,toxic,1,3114373,"a. 有毒的, 中毒的\n[医] 中毒的, 毒物的"
850,receptive,1,2509692,"a. 能接纳的\n[医] 接受的, 感受的"
590,tangible,1,3002435,"n. 可触知的东西, 有形资产\na. 可触摸的, 有实体的, 非相像的, 有形的, 明确的"
832,circular,1,552586,"a. 圆形的, 循环的, 间接的\n[医] 环状的, 循环的"
620,arrogance,1,187011,"n. 傲慢态度, 自大"
833,spark,1,2836809,"n. 火花, 火星, 闪光, 无线电报务员, 瞬间放电, 活力, 朝气, 花花公子, 情郎\nvi. 闪光, 发火花, 求婚\nvt. 发动, 鼓舞, 使有朝气, 求婚"
591,accompany,1,30873,"vt. 陪伴, 伴随, 补充, 为...伴奏\nvi. 伴奏, 伴唱"
619,illiterate,1,1461670,"n. 文盲\na. 目不识丁的, 没受教育的"
618,literate,1,1725953,"n. 学者\na. 有读写能力的, 精通文学的, 受过教育的"
617,landmark,1,1656711,"n. 陆标, 划时代的事, 地界标\n[医] 界标"
849,stash,1,2883773,"vt. 藏起来\nn. 隐藏处, 隐藏物"
848,upfront,1,3227883,"a. 正直的, 坦率的; 最前面的, 首要的; 在前面的; 预先的\nadv. 在最前面; 提前支付（工资）"
815,reciprocal,1,2510374,"a. 互惠的, 相互的, 相等的, 倒数的, 彼此相反的\nn. 倒数, 互相起作用的事物"
742,jealousy,1,1575579,"n. 妒忌, 猜忌, 羡慕\n[法] 妒忌, 嫉妒, 猜忌"
659,capture,1,457444,"n. 抓取, 战利品, 捕获之物\nvt. 抓取, 获得, 迷住\n[计] 截获命令"
705,generate,1,1222128,"vt. 产生, 发生, 导致\n[电] 产生"
764,sustained,1,2967609,"a. 持续的, 持久不变的, 持久的, 不懈的\n[计] 持续的"
724,productivity,1,2401663,"n. 生产力\n[经] 生产率, 生产能力"
765,overhaul,1,2172636,"vt. 分解检查, 翻修, 精细检查, 彻底革新\nn. 分解检查, 精细检查, 大检修"
766,crate,1,697857,"n. 板条箱, 装货箱\n[建] 篓, 筐"
723,psychiatry,1,2426684,"n. 精神病学, 精神病治疗\n[医] 精神病学"
767,implausible,1,1470072,"a. 难以置信的, 不象真实的"
768,cumbersome,1,721950,"a. 笨重的, 麻烦的, 累赘的"
769,raisin,1,2483196,n. 葡萄干
721,reap,1,2505841,"vt. 收割, 收获, 获得\nvi. 收割, 得到报应"
771,mobility,1,1921947,"n. 可动性, 流动性, 机动性\n[化] 迁移率"
720,improvisation,1,1472418,"n. 即兴而作, 即席演奏, 即席作品"
719,render,1,2543517,"vt. 回报, 给于, 付给, 汇报, 提出, 舍弃, 反映, 表示, 表演, 致使, 执行, 实施\nvi. 给予补偿\nn. 交纳, 打底"
718,craft,1,695470,"n. 技艺, 手艺, 诡计\nvt. 精心制作"
717,distracted,1,858440,a. 心烦意乱的
772,duration,1,912156,"n. 持续时间, 持续\n[计] 持续时间"
773,beat,1,293063,"n. 心跳(声), 打, 敲打声, 拍子\nv. 打, 拍打, 打败\na. 疲乏的, 颓废的\nbeat的过去式\n[计] 拍; 节拍"
716,premium,1,2375449,"n. 额外补贴, 奖金, 奖赏, 保险费\n[医] 保险费"
714,analogy,1,129548,"n. 相似, 类似\n[计] 模拟"
713,pose,1,2347499,"n. 姿势, 姿态, 装模作样, 伪装\nvi. 摆姿势, 装模作样, 假装\nvt. 使摆好姿势, 提出, 造成"
712,convert,1,662898,"n. 皈依者, 改变宗教信仰者\nvt. 使改变信仰, 转换, 兑换, 倒置\nvi. 皈依\n[计] 转换"
711,dominate,1,872766,"v. 支配, 占优势"
710,clumsy,1,576467,"a. 笨拙的, 不雅观的, 粗陋的"
709,revealing,1,2566173,"a. 暴露的, 显露的, 揭露的"
708,intricate,1,1541530,"a. 复杂的, 错综的, 缠结的, 难懂的"
775,cutlery,1,731987,"n. 刀剑制造业, 刃具制造业, 刀剑, 刃具, 刀叉餐具"
776,enact,1,973419,"vt. 制定法律, 扮演, 颁布\n[法] 法令, 法规, 条例"
707,vehicle,1,3258574,"n. 交通工具, 车辆, 传播媒介\n[化] 载体; 运载体; 漆料"
763,handle,1,1327854,"n. 柄, 把手, 把柄, 柄状物, 手感\nvt. 触摸, 运用, 买卖, 处理, 操作\nvi. 搬运, 易于操纵\nn. 句柄\n[计] 句柄"
726,jolt,1,1585629,"n. 震摇, 摇动, 颠簸\nvi. 颠簸而行, 震摇\nvt. 使颠簸, 使慌张, 猛击"
727,communicate,1,614708,"vt. 显露, 传达, 感染\nvi. 通讯"
734,modify,1,1925208,"vt. 修正, 变更, 修饰, 缓和, 减轻\nvi. 被修改\n[计] 修改"
577,bankruptcy,1,263910,"n. 破产者\n[经] 破产, 倒闭"
745,anonymous,1,145458,"a. 姓氏不详的, 无名的, 无特色的\n[计] 无记录"
746,guilty,1,1305474,"a. 犯罪的, 有过失的, 自觉有错的, 心虚的\n[法] 有罪的, 犯罪的, 自觉有罪的"
747,deprivation,1,796399,"n. 剥夺, 剥夺官职, 免职\n[医] 丧失, 剥夺, 缺乏"
740,rap,1,2489707,"n. 轻敲, 拍击, 责骂, 无价值的东西\nvt. 轻敲, 厉声说出, 叱责, 抢走, 使着迷\nvi. 敲击, 发敲击声, 交谈, 同情\n[计] 随机存取程序, 资源分配处理器, 常驻汇编程序"
739,appease,1,167576,"vt. 抚慰, 缓解, 平息, 姑息\n[法] 使和缓, 使满足, 姑息"
749,intensify,1,1520768,vt. 加强\nvi. 强化
750,addictive,1,51313,a. 上瘾的
738,request,1,2549927,"n. 请求, 需要, 申请书\nvt. 请求, 要求, 邀请\n[计] 请求"
751,shade,1,2729195,"n. 荫, 阴暗, 遮光物, 灯罩, 帘, 浓淡, 微量, 底纹\nvi. 渐变\nvt. 使阴暗, 使渐变, 遮蔽, 微减\n[计] 底纹"
736,precise,1,2369896,"a. 精确的, 严谨的, 明确的\n[机] 精密的, 正确的"
752,soak,1,2808652,"n. 浸, 湿透, 大雨\nvt. 使上下湿透, 浸, 吸入, 吸收, 浸洗掉\nvi. 浸泡, 渗透"
733,accurate,1,33041,"a. 正确的, 精确的\n[经] 准确的, 精确的"
762,cultivate,1,720879,"vt. 培养, 耕作"
753,striking,1,2920966,"a. 醒目的, 惊人的, 打击的, 罢工的\n[法] 罢工的, 罢市的, 罢课的"
754,flourish,1,1129478,"vi. 繁荣, 茂盛, 活跃, 手舞足蹈\nvt. 挥舞, 夸耀\nn. 挥舞, 炫耀, 茂盛, 兴旺, 华丽词藻"
755,sequester,1,2716889,"vt. 使隐退, 使隔绝, 扣押, 没收\n[化] 螯合剂; 多价螯合剂"
757,proceeds,1,2397447,"pl. 收益\n[经] 收入, 收款, 所得"
732,muscle,1,1976399,"n. 肌肉, 臂力\n[医] 肌"
731,apologize,1,165907,"vi. 道歉, 辩解"
730,planet,1,2304644,"n. 行星, 命运星辰, 杰出的人, 重大影响的事"
729,awkward,1,235625,"a. 笨拙的, 棘手的"
759,lumber,1,1765896,"n. 木材, 破旧家俱, 废物, 隆隆声\nvt. 砍伐木材, 乱堆\nvi. 笨拙地移动, 喧闹地向前走, 隆隆地移动"
728,contact,1,649941,"n. 联系, 交际, 熟人, 接触\nvi. 接触, 联系\nvt. 使接触"
760,recreation,1,2514813,"n. 娱乐, 消遣, 休息, 再创造\n[医] 娱乐, 休养"
761,preserve,1,2378760,"vt. 保护, 保持, 保存, 维持, 腌, 禁猎\nvi. 加工食品, 禁猎\nn. 加工成的食品, 禁猎地, 保护区, 防护物"
706,commitment,1,611698,"n. 委托, 交押, 承担义务, 赞助\n[医] 院禁"
777,detrimental,1,807086,a. 有害的
660,responsive,1,2558420,"a. 回答的, 应答的, 易感应的"
778,incentive,1,1480602,n. 动机\na. 激励的
680,tease,1,3015955,"n. 揶揄, 戏弄, 逗惹\nvt. 戏弄, 取笑, 强求, 梳理, 使起毛"
679,equation,1,999463,"n. 相等, 等式, 平衡\n[化] 方程式; 等式; 反应式; 公式"
678,hazard,1,1344306,"n. 冒险, 危险, 机会\nvt. 冒...的危险, 赌运气, 使冒危险\n[计] 相关危险; 冒险"
677,redirect,1,2519639,"vt. 重新寄送, 使改道, 使改方向\n[计] 重定向, 重新引导"
794,sibling,1,2755970,"n. 兄弟, 同胞\n[医] 同胞(兄弟姐妹)"
675,watershed,1,3314105,"n. 流域, 分水岭\n[医] 分水界, 分水岭"
796,dose,1,877368,"n. 剂量, 服用量\nvt. 给药, (用药)医治\nvi. 服药"
674,frequency,1,1170285,"n. 频率, 频数\n[计] 频率"
797,fatigue,1,1070839,"n. 疲乏, 疲劳\nvt. 使疲劳, 使心智衰弱\nvi. 疲劳\na. 疲劳的"
798,inadvertently,1,1479466,"adv. 漫不经心地, 疏忽地; 非故意地"
799,tedious,1,3018396,"a. 沉闷的, 冗长乏味的"
800,instructive,1,1515471,"a. 有益的, 增进知识的"
671,mandatory,1,1806909,"a. 命令的, 托管的\n[经] 受托者, 命令者"
669,hinder,1,1389706,"a. 后面的\nv. 阻碍, 打扰"
668,lucrative,1,1764438,"a. 有利益的, 获利的, 合算的"
743,cooperative,1,666062,a. 合作的；合作社的
802,amuse,1,126067,"vt. 消遣, 娱乐, 使发笑"
803,suspicious,1,2967452,"a. 可疑的, 多疑的, 怀疑的\n[法] 怀疑的, 令人怀疑的, 可疑的"
804,naive,1,1991494,"a. 天真的, 纯真的, 幼稚的"
805,vague,1,3245065,"a. 含糊的, 不清楚的, 茫然的"
806,reflect,1,2524748,"vt. 反射, 反映, 招致, 深思\nvi. 被反射, 映出, 深思, 考虑, 指责"
807,emerge,1,968129,"vi. 浮现, 形成, 出现, (事实)显露"
808,withdraw,1,3354916,"vt. 撤回, 取回, 撤消, 使撤退, 拉开, 移开\nvi. 撤退, 离开"
664,attentive,1,214706,"a. 注意的, 留心的"
809,cooperate,1,665988,"vi. 合作, 协力, 配合\n[化] 合作"
811,pressing,1,2380184,"a. 紧迫的, 迫切的, 热切的\nn. 压, 压榨, 冲压件, 唱片"
812,lever,1,1696317,"n. 杠杆, 似杠杆之工具\nvt. 撬开\nvi. 使用杠杆"
681,unprecedented,1,3218739,"a. 空前的\n[经] 空前的, 无前例的"
793,haven,1,1342885,"n. 港, 避难所, 安息所\nvt. 安置...于港中, 庇护, 入港"
792,crunch,1,713567,"v. 嘎吱嘎吱的咬嚼, 压碎, 嘎吱嘎吱地踏过\nn. 咬碎, 咬碎声"
694,diligence,1,831456,n. 勤奋
779,trash,1,3133263,"n. 垃圾, 废物\nvt. 丢弃"
780,disposal,1,854798,"n. 丢掉, 处理, 排列, 销毁, 布置\n[医] 处理, 处置"
781,engaged,1,982193,"a. 忙碌的, 使用中的"
700,stereotype,1,2899847,"n. 铅版, 陈规, 老套\nvt. 使用铅版, 把...印制成盲文, 套用老套, 使一成不变"
782,aggressive,1,73960,"a. 侵略的, 挑畔的, 进取的\n[法] 侵略的, 爱挑衅的, 行为过火的"
783,rational,1,2494869,"a. 理性的, 合理的\nn. 有理数"
784,proclivity,1,2399136,"n. 倾向, 癖性"
698,insidious,1,1512386,"a. 隐伏的, 阴险的, 狡猾的\n[医] 隐袭的"
785,clinical,1,568937,"a. 临床的, 门诊部的\n[医] 临床的, 临证的"
696,pretend,1,2383113,"v. 假装, 伪称, 自命, 自称"
786,proximity,1,2419731,"n. 接近, 亲近"
695,conceal,1,630852,"vt. 隐藏, 掩盖, 隐瞒\n[法] 隐瞒, 隐匿, 保守秘密"
693,inquiry,1,1510515,"n. 质询, 探索, 调查, 询盘\n[计] 询问; 查询"
791,contingent,1,653102,"a. 或许发生的, 附随的, 偶然发生的\nn. 偶然事件, 分遣队"
692,persistence,1,2254431,"n. 固执, 坚持不懈, 持续(性), 存留(状态)\n[电] 持久"
691,interrupt,1,1536074,"vt. 中断, 妨碍, 插嘴\nvi. 打断\nn. 中断\n[计] 中断"
690,rapids,1,2490623,n. 湍流；急流
787,attorney,1,215406,"n. 代理人, 律师\n[经] 律师, 代理人"
689,telling,1,3023565,"a. 有效的, 显著的, 显露内心活动的"
688,hurdle,1,1427297,"n. 障碍, 跳栏, 临时活动篱笆\nvt. 用篱笆围, 越过, 克服"
687,flustered,1,1134782,"a. 慌张的; 激动不安的\nv. 使慌乱, 使不安( fluster的过去式和过去分词)"
788,fantastic,1,1065484,"a. 奇妙的, 稀奇的, 空想的"
686,stiff,1,2902664,"a. 坚硬的, 严厉的, 呆板的, 生硬的, 刚强的, 强烈的, 粘的, 稠的, 艰难的\nn. 死尸, 醉鬼, 钞票\nvt. 不肯付...小费"
685,refrain,1,2526671,"n. 重复的话, 叠句, 副歌\nvi. 节制, 避免, 克制"
684,maximize,1,1836947,"vt. 取...最大值, 使增加(或扩大)到最大限度\n[计] 最大化"
682,guarantee,1,1302315,"n. 担保, 抵押品, 保证书\nvt. 保证, 担保"
667,condemn,1,633941,"vt. 判刑, 责备, 谴责\n[法] 定罪, 判刑, 宣告有罪"
1,inclination,1,1481837,"n. 倾向, 趋向, 倾斜度, 点头\n[化] 倾角"
573,applicable,1,168598,"a. 合适的, 可应用的\n[法] 适用的, 适应的"
245,fragile,1,1161912,"a. 易碎的, 脆的\n[医] 脆弱的, 脆的"
231,compress,1,626404,"vt. 压缩, 压紧\nvi. 受压缩小\n[计] 压缩程序"
236,delusion,1,786652,"n. 迷惑, 欺瞒, 错觉\n[医] 妄想"
238,wit,1,3353851,"n. 机智, 智力, 头脑, 理智, 妙语, 机智的人"
239,intellect,1,1519964,"n. 智力, 出众的才华, 知识分子\n[医] 智力, 才智"
240,portray,1,2347135,"vt. 描绘, 描写, 描绘...的肖像"
244,withhold,1,3355191,"vt. 使停止, 扣留, 保留, 拒给\nvi. 克制, 忍住"
248,outmoded,1,2164180,"a. 过时的, 废弃的\n[经] (式样等)过时的, 废弃了的"
228,tint,1,3087886,"n. 色彩, 浅色\nvt. 染色于"
249,insatiable,1,1510874,"a. 不知足的, 贪求无厌的\n[医] 不能满足的, 不饱的"
258,predictable,1,2371675,a. 可预言的
259,augment,1,218503,"v. 增加, 增长\n[计] 增加; 增量; 添加"
260,provoke,1,2419439,"vt. 激怒, 惹起, 诱导\n[法] 刺激, 煽动, 激怒"
261,intact,1,1517747,"a. 尚未被人碰过的, 原封不动的, 完整的\n[医] 完整的, 无伤的"
263,shoulder,1,2750937,"n. 肩, 肩膀, 衣肩\nvt. 肩负, 负担, 担任\nvi. 用肩推挤"
230,stalk,1,2875340,"n. 茎, 追踪, 高视阔步\nvi. 悄悄靠近, 蹑手蹑脚地走近, 蔓延, 高视阔步\nvt. 追踪, 搜索"
224,empirical,1,971264,"a. 完全跟据经验的, 经验主义的\n[医] 经验主义的"
265,comprehensive,1,626113,"a. 广泛的, 有理解力的, 综合的\n[经] 广泛的, 综合的, 全面的"
197,host,1,1414050,"n. 主人, 旅馆老板, 节目主持人\nvt. 当主人招待, 作...节目主持人\n[计] 主机, 宿主机"
184,classification,1,561784,"n. 分类, 分级\n[化] 分级; 分粒; 分类"
187,mature,1,1835021,"a. 成熟的, 到期的, 充分考虑的\nvt. 使成熟\nvi. 成熟, 到期"
188,luxuriant,1,1769900,"a. 繁茂的, 丰富的, 肥沃的, 华丽的\n[医] 过盛的, 过多的"
192,humor,1,1425594,"n. 幽默, 诙谐, 心情\nvt. 迎合, 牵就, 顺应"
193,commute,1,616356,"vt. 交换, 折偿, 减轻\nvi. 代偿, 经常乘车来往"
194,allocate,1,102966,"vt. 分派, 分配\n[计] 分配"
198,calcium,1,436738,n. 钙\n[化] 钙Ca
220,scarcity,1,2660384,"n. 缺乏, 不足, 缺少\n[经] 缺乏, 不足"
204,harbor,1,1331455,"n. 港, 避难所\nv. 庇护, 藏匿, (使)入港停泊"
208,relevance,1,2538183,n. 中肯；关联；相关性
211,grounded,1,1297680,a. [物]接地的；有基础的
213,array,1,186169,"n. 排列, 衣服, 大批, 军队\nvt. 布署, 打扮, 排列\n[计] 数组; 阵列"
215,extravagant,1,1048354,"a. 奢侈的, 挥霍无度的, 浪费的"
219,obsession,1,2098112,"n. 困扰, 困扰人的情绪\n[医] 强迫观念"
264,shove,1,2751339,"n. 推, 挤\nvt. 推挤, 猛推, 强使\nvi. 推"
266,rectify,1,2515780,"vt. 订正, 矫正, 改正, 调正, 校正, 精馏, 整流\n[化] 精馏"
572,feasible,1,1073920,"a. 能实行的, 可行的, 适宜的\n[法] 可行的, 可执行的, 可完成的"
317,chunk,1,547023,"n. 大块, 矮胖的人(或物)\n[经] 定样"
306,occurrence,1,2099918,"n. 发生, 事件, 出现\n[医] 发生"
307,fraud,1,1164490,"n. 欺骗, 欺诈, 诡计, 骗子\n[经] 欺诈, 舞弊, 骗子"
309,resume,1,2560528,"vt. 重新开始, 取回, 恢复\nvi. 再开始\nn. 摘要, 个人简历\n[计] 继续执行"
314,withdrawn,1,3355090,withdraw的过去分词
315,justification,1,1592919,"n. 辩护, 证明正当, 释罪\n[计] 调整"
316,adapt,1,50026,"vt. 使适应, 改编\nvi. 适应"
320,shed,1,2736264,"n. 车棚, 小屋, 脱落之物, 分水岭\nvt. 使流出, 放射, 脱落, 散发, 摆脱\nvi. 流出, 散布, 脱落"
301,movement,1,1954345,"n. 运动, 动作, 运转, 移动, 倾向, 变化, 活动, 乐章\n[医] 运动"
324,adopt,1,59188,"vt. 采用, 正式通过, 收养, 接受\n[医] 采取"
328,affectionate,1,67515,"a. 深情的, 充满情爱的"
332,paralysis,1,2206199,"n. 麻痹, 停顿, 瘫痪\n[医] 麻痹, 瘫痪"
333,accommodating,1,30671,"a. 与人方便的, 肯通融的"
337,mighty,1,1897321,"n. 有势力的人\na. 有势力的, 强大的, 有力的\nadv. 很, 极"
339,defense,1,777118,"n. 防卫, 防卫物\n[医] 防御"
305,alter,1,109235,v. 改变
300,fruition,1,1179301,"n. 成就, 实现, 结果实"
268,chancellor,1,509553,"n. 大臣, 总理, 首相, 大使馆/领事馆的一等秘书, 司法官, 大学校长"
283,substance,1,2938904,"n. 物质, 实质, 主旨, 资产, 本质, 牢固\n[化] 物质"
269,exchequer,1,1030463,"n. (英国)财政部, 国库\n[法] 国库, 财源, 财政法院"
272,expire,1,1038883,"vi. 期满, 呼气, 断气\nvt. 呼出"
274,retain,1,2561032,"vt. 保持, 保有, 留住, 记得, 付定金聘请\n[经] 保留, 留存"
279,implement,1,1470095,"n. 工具, 器具, 手段\nvt. 实现, 使生效, 执行"
281,installation,1,1513560,"n. 安装, 装置, 就职\n[医] 结构, 装置, 设立"
282,studio,1,2927256,"n. 工作室, 画室, 演播室, 电影制片厂"
284,medium,1,1852482,"n. 媒体, 方法, 媒介\na. 半生熟的, 中间的\n[计] 媒体, 中"
297,imposing,1,1471254,"a. 令人难忘的, 壮丽的, 威风的"
285,counterpart,1,688291,"n. 副本, 复本, 配对物, 相应物\n[经] 副本, 正副二份中之一"
286,embodiment,1,966996,"n. 具体化, 化身"
287,obscure,1,2097625,"a. 模糊的, 昏暗的, 难解的, 晦涩的, 偏僻的, 微贱的, 无名的\nvt. 使变暗, 隐藏, 使变模糊, 使难解"
288,aspect,1,199042,"n. 外观, 方面, 面貌, 方向\n[医] 方面, 局面; 外观"
293,escapism,1,1009321,"n. 逃避现实, 逃避主义"
296,epic,1,994186,"n. 史诗, 叙事诗\na. 史诗的, 叙事诗的"
179,distinction,1,857880,n. 区别
178,decent,1,768961,"a. 有分寸的, 得体的, 大方的"
177,mock,1,1922277,"n. 嘲笑, 戏弄, 模仿\na. 假的, 伪造的, 模拟的\nadv. 虚伪地\nvt. 嘲弄, 模仿, 使失望, 欺骗, 挫败\nvi. 嘲弄"
69,split,1,2855779,"n. 劈开, 裂片, 裂缝, 分裂, 派系, 派别, 柳条\na. 劈开的\nvi. 分离, 分开, 裂开, 被劈开\nvt. 劈开, 切开, 使分裂, 使分离\n[计] 拆分"
58,critic,1,704343,"n. 批评家, 鉴定家"
62,slot,1,2796719,"n. 水沟, 细长孔, 硬币投币口, 缝, 狭槽, 狭通道, 位置, 一档(广播节目等)\nvt. 开槽于, 把...纳入机构\n[计] 槽; 存储槽"
63,sacred,1,2628384,"a. 神圣的, 献给上帝的, 庄严的, 祭祀的\n[法] 神圣的, 不可侵犯的"
64,default,1,776210,"n. 违约, 不履行责任, 缺席, 默认值\nv. 疏怠职责, 缺席, 拖欠, 默认\n[计] 默认; 默认值; 缺省值"
66,metaphor,1,1876046,n. 隐喻
67,pursue,1,2443283,"vt. 追赶, 追踪, 追随, 追求, 实行, 继续, 从事\nvi. 追赶, 继续"
70,backdrop,1,246043,"n. 背景幕, 背景"
53,extinction,1,1045778,"n. 消失, 消灭, 废止\n[化] 消光; 熄灭"
71,drastic,1,891059,"a. 激烈的\n[医] 峻泻药, 剧烈的"
76,aftermath,1,70648,"n. 结果, 后果\n[法] 后果, 结果"
77,searing,1,2682528,a. 灼热的
83,rent,1,2544532,"n. 租金, 房租, 出租物, 裂缝, 破裂处, 分裂\nvt. 租用, 租出\nvi. 出租\na. 分裂的, 破裂的\nrend的过去式和过去分词"
88,occupation,1,2099614,"n. 职业, 占有, 占有期, 占领, 占领军\n[经] 占有, 占用, 职业"
90,marital,1,1819878,"a. 丈夫的, 婚姻的, 夫妇间的\n[医] 婚姻的"
55,insistence,1,1512522,"n. 坚持, 坚决主张"
49,interim,1,1526367,"a. 暂时的, 临时的, 间歇的\nn. 过渡时期"
175,admire,1,58373,"vt. 赞美, 钦佩, 爱慕\nvi. 称赞, 惊奇"
23,beneficial,1,305347,"a. 有益的, 受益的\n[经] 有使用权的, 可享利益的"
5,plausible,1,2312001,"a. 貌似真实的, 貌似合理的, 说得煞有其事的\n[法] 花言巧语的, 似乎有理的"
11,spoil,1,2857207,"n. 战利品, 赃物, 奖品, 变质, 次品\nvt. 损坏, 破坏, 溺爱\nvi. 腐坏, 掠夺"
13,overstate,1,2176113,"vt. 夸大的叙述, 夸张, 过分强调\n[经] 多计, 高估"
16,reputable,1,2549831,"a. 受好评的, 有声望的, 规范的\n[法] 声誉好的, 可尊敬的"
17,attribute,1,215629,"n. 属性, 标志, 定语\nvt. 把...归于, 认为...属于\n[计] 属性"
18,transfer,1,3124261,"n. 迁移, 移动, 传递, 转让, 转移, 过户, 汇兑, 换车\nvt. 使转移, 调转, 调任, 改变, 传递, 转让\nvi. 转移, 转学, 转职, 换车\n[计] 传送"
26,code,1,586393,"n. 代码, 密码, 法规, 法典\nvt. 把...编码\n[计] 代码"
46,prosecute,1,2413317,"vt. 告发, 起诉, 彻底进行, 执行, 从事\nvi. 告发, 起诉, 作检察官"
28,brim,1,393023,"n. 边, 边缘, (河)边\nvt. 注满, 使满溢\nvi. 满溢"
30,gear,1,1215398,"n. 齿轮, 工具\nvt. 以齿轮连起, 开动, 使适应, 安排\nvi. 连接上, 适合"
33,remodel,1,2541011,"vt. 改造, 改型, 改变"
34,formulate,1,1153401,"vt. 用公式表示, 明确叙述, 制订\n[机] 公式化, 公式表示"
40,designate,1,802097,"vt. 指定, 指明, 称呼\na. 已选出而未上任的"
42,crack,1,694676,"n. 裂缝, 爆裂声\nv. (使)爆裂, (使)裂开, (使)发出爆裂声\na. 第一流的\nadv. 啪地一声"
94,therapy,1,3054940,"n. 治疗\n[医] 疗法, 治疗"
97,dictate,1,820088,"vi. 听写, 口述, 口授\nvt. 口述, 使听写, 命令\nn. 命令, 指挥, 指令"
103,indulge,1,1493537,"vt. 纵情于, 使高兴, 放任, 迁就\nvi. 沉溺"
156,collage,1,596031,n. 拼贴画
145,paradox,1,2203461,"n. 似非而是的论点, 自相矛盾的话, 悖论, 怪人怪事\n[化] 佯谬"
146,forthcoming,1,1154471,a. 即将来临的\nn. 来临
148,grant,1,1280886,"n. 授予, 授予物, 允许\nvt. 允许, 承认, 授与\n[计] 授权命令"
149,thesis,1,3060037,"n. 论题, 论文"
151,intervention,1,1538152,"n. 插入, 介入, 调停\n[经] 干预"
152,cite,1,555817,"vt. 引用, 引证, 表彰\n[建] 引证, 指引"
161,coincidence,1,592130,"n. 巧合, 同时发生\n[电] 符合计数器"
105,luxury,1,1769931,"n. 奢侈, 豪华\na. 奢侈的, 豪华的"
162,infuse,1,1502174,"vt. 注入, 使充满, 泡制, 鼓舞\nvi. 泡"
163,allegiance,1,101552,"n. 忠贞, 效忠"
166,hack,1,1314384,"n. 劈, 砍, 砍痕, 出租车, 干咳, 晒架, 鹤嘴锄\nvt. 劈, 砍, 出租, 用旧\nvi. 劈, 砍, 干咳, 驾驶出租车\na. 出租的"
170,relate,1,2535260,"vt. 讲, 叙述, 使互相关联\nvi. 有关, 符合, 相处得好"
172,revive,1,2569228,"vt. 使苏醒, 使复兴, 使振奋, 回想起, 重播\nvi. 苏醒, 复活, 复兴, 恢复精神"
174,passionate,1,2220151,"a. 热情的, 热烈的, 易怒的, 热恋的"
144,recruit,1,2514971,"n. 新兵, 新手, 新会员, 补给品\nvt. 恢复, 补充, 充实, 征募\nvi. 征募新兵, 复原, 得到补充"
138,clarity,1,560064,"n. 清楚, 明晰\n[化] 透明度; 透明性; 清晰性"
137,bargain,1,267200,"n. 交易, 买卖协定, 特价商品\nv. 讲价, 交易"
136,conventional,1,661586,"a. 传统的, 习惯的, 约定的\n[经] 惯例的, 常规的, 传统的"
132,bend,1,304601,"vi. 变弯曲, 屈服\nvt. 使弯曲, 使屈服\nn. 弯曲"
130,cede,1,488711,"vt. 割让\n[法] 割让, 让与, 放弃"
129,signal,1,2761205,"n. 信号, 暗号, 近因, 导火线\nvt. 向...作信号, 标志, 用信号通知\nvi. 发信号\na. 作为信号的, 显著的\n[计] 信号"
127,absolute,1,22589,"a. 绝对的, 专制的, 完全的, 独立的\nn. 绝对事物"
125,band,1,260900,"n. 带子, 队, 乐队\nv. 联合, 结合\n[计] 频带; 波段; 区"
124,rip,1,2586094,"n. 裂痕, 破绽, 拉裂, 浪子, 巨浪\nvi. 被拉开, 裂开, 猛冲\nvt. 撕, 扯, 劈"
122,disruptive,1,855549,"a. 分裂的, 破坏(性)的\n[计] 击穿的, 中断的"
121,weird,1,3324268,"a. 怪异的, 超自然的, 不可思议的\nn. 命运, 预言, 符咒"
115,contest,1,652309,"n. 竞赛, 争论\nvt. 竞争, 争取, 争辩\nvi. 竞争"
114,accumulate,1,32465,"v. 积聚, 堆积"
113,scan,1,2659060,"n. 审视, 浏览, 扫描, 细查\nvt. 细看, 浏览, 扫描, 详细调查, 标出格律\nvi. 押韵, 扫描\n[计] 网络软件目录, 编码与分析系统"
111,sheer,1,2736777,"a. 绝对的, 全然的, 纯粹的, 透明的, 峻峭的\nvi. 偏转, 偏航\nvt. 使急转向, 使偏航\nadv. 完全, 全然, 峻峭\nn. 偏航"
109,contain,1,650998,"vt. 包含, 容纳, 控制\nvi. 自制"
342,realm,1,2505576,"n. 王国, 领土, 领域\n[计] 领域"
346,retreat,1,2563542,"n. 休息寓所, 撤退, 隐居, 退避\nvi. 撤退, 隐退, 向后倾\nvt. 退(棋)"
347,evaluation,1,1023281,"n. 评估, 估价, 求值\n[计] 鉴定; 评价; 求值"
503,distinctive,1,857887,"a. 有特色的, 出众的"
491,log,1,1739539,"n. 记录, 圆木, 日志, 计程仪\nvt. 伐木, 切, 航行\nvi. 伐木\n[计] 日志"
492,vain,1,3245211,"a. 无价值的, 徒然的, 空虚的, 自负的, 愚蠢的"
495,suggestive,1,2944662,"a. 提示性的, 影射的, 暗示的\n[医] 暗示的"
496,permissive,1,2252562,"a. 许可的, 获准的, 宽容的, 放任的, 放纵的, 允许选择的, 自由的\n[法] 表示许可的, 随意的, 纵容的"
500,nerve,1,2017582,"n. 精神, 勇气, 叶脉, 神经\nvt. 鼓起勇气"
502,reliance,1,2538571,"n. 信任, 信赖, 受信赖的人(或事)\n[法] 信任, 信赖, 信心"
504,revenue,1,2566359,"n. 收入, 岁入, 税收, 税务局\n[经] 岁入, 税收, 税务局"
489,dismiss,1,852232,"vt. 解散, 开除, 解职\nvi. 解散\n[计] 解散"
510,stimulus,1,2903925,"n. 刺激, 激励, 刺激品\n[医] 刺激特, 刺激"
512,architect,1,177272,"n. 建筑师, 设计者, 缔造者"
513,exert,1,1033130,"vt. 发挥, 运用, 施以影响\n[法] 施加, 产生, 行使"
514,signature,1,2762373,"n. 签字, 识别标志, 调号\n[计] 签名附件"
516,sophisticated,1,2826476,"a. 复杂的, 久经世故的\n[法] 尖端的, 高级的, 非常有经验的"
519,aesthetic,1,66667,"a. 美学的, 审美的, 有美感的"
490,linger,1,1717978,"vi. 逗留, 消磨, 徘徊\nvt. 消磨"
486,compromise,1,627491,"n. 妥协, 折中, 折中方案, 和解\nvi. 妥协处理\nvt. 危害"
466,bombast,1,361531,n. 夸大的言辞
474,privilege,1,2394743,"n. 特权, 特别恩典, 基本权利, 特免\nvt. 给与...特权, 特免"
468,manifesto,1,1809361,"n. 宣言, 声明"
469,possessed,1,2349652,"a. 中邪魔的, 被妖魔缠住的"
470,immense,1,1465469,"a. 极广大的, 无边的, 非常好的"
471,epoch,1,997777,"n. 新纪元, 时代, 时期"
472,multiplicity,1,1971012,"n. 相重性, 多重性, 多样\n[化] 多重态; 多重性"
473,fascinating,1,1068276,"a. 迷人的, 吸引人的, 使人神魂颠倒的"
475,emigrate,1,969537,"v. (使)移居, (使)移民"
485,reminder,1,2540709,"n. 提醒的人, 暗示\n[经] 催单"
476,drain,1,890118,"n. 排水沟, 消耗, 排水\nvt. 排出, 喝光, 耗尽\nvi. 排水, 流干"
477,prompt,1,2408600,"n. 激励, 提示, 提醒物, 提词, 付款期限\na. 迅速的, 敏捷的, 立刻的, 提词员的\nvt. 激励, 鼓动, 提示\nadv. 准时地\n[计] 提示符; DOS内部命令:设定DOS命令行的提示符"
479,authenticate,1,221270,"vt. 证明可信, 证实为真, 使具法律效力\n[法] 认证, 鉴定, 证明"
482,transaction,1,3123066,"n. 交易, 办理, 学报, 和解协议\n[计] 事务处理"
483,applaud,1,168106,"v. 拍手喝彩, 称赞, 赞同"
484,compulsory,1,627776,"a. 被强制的, 强迫的, 义务的\n[经] 强迫的, 强制的"
520,forthright,1,1154544,"adv. 直率地, 直接地, 马上, 立即\na. 直接的, 直率的, 坦白的\nn. 直路"
523,abundant,1,25255,"a. 丰富的, 充分的, 大量的"
524,spacious,1,2835317,"a. 广大的, 宽广的"
562,emergency,1,968162,"n. 紧急状况, 紧急事件, 紧急需要\n[化] 紧急情况"
550,calorie,1,442070,n. 卡路里（热量单位）
551,cute,1,731715,"a. 可爱的, 聪明的, 伶俐的\n[医] 品他病"
553,credit,1,699458,"n. 信用, 信任, 荣誉, 贷款, 学分\nvt. 归功于, 赞颂, 信任, 相信\n[计] 信用量"
554,regulation,1,2531780,"n. 规则, 管理, 调整\n[计] 调整; 规章; 规则; 调节"
556,toll,1,3098292,"n. 通行费, 代价, 钟声\nvt. 征收, 敲钟, 鸣钟, 勾引, 引诱\nvi. 征税, 鸣钟"
557,leak,1,1678565,"n. 漏洞, 漏处, 漏出, 泄漏\nvi. 漏, 泄漏\nvt. 使渗漏"
563,panic,1,2197793,"n. 恐慌, 惊慌\na. 惊慌的, 没有理由的, 恐慌的\nvt. 使惊慌, 使狂热\nvi. 惊慌"
525,continent,1,652715,"n. 大陆, 洲\na. 自制的"
564,fade,1,1055732,"vi. 褪色, 消失, 凋谢\nvt. 使褪色\nn. 淡入, 淡出\na. 平淡的"
567,nasal,1,1997515,"a. 鼻的, 鼻声的, 尖锐的\nn. 鼻音, 鼻音字"
568,pregnant,1,2373682,"a. 怀孕的, 充满的, 思想丰富的, 成果丰硕的\n[医] 妊娠的, 有孕的"
569,vaccinate,1,3242486,v. 预防接种
570,magnificent,1,1788888,"a. 华丽的, 高尚的, 宏伟的"
571,immerse,1,1465511,"vt. 沉浸, 使陷入\n[医] 浸[入]"
549,profile,1,2402492,"n. 侧面, 轮廓, 传略\nvt. 描绘...轮廓, 写...的传略\n[计] 提问档; 剖面图法; 剖面法"
548,chef,1,520701,n. 厨师
547,celebrity,1,489696,"n. 名声, 名人"
546,ban,1,259621,"n. 禁令\nvt. 禁止, 取缔"
545,inconceivable,1,1483830,"a. 不能想象的, 想不到的, 难信的"
544,diabetes,1,812384,"n. 糖尿病, 多尿症\n[医] 糖尿病; 多尿症"
543,halt,1,1323171,"n. 停止, 立定, 休息\nvt. 使停止, 使立定\nvi. 立定, 停止, 蹒跚, 踌躇, 有缺点\n[计] 停止"
542,addiction,1,51301,"n. 入迷, 瘾\n[医] 瘾, 癖嗜"
540,demanding,1,787323,"a. 要求高的, 费力的"
539,conceited,1,631001,"a. 自负的, 逞能的, 狂想的"
536,abandon,1,16425,"vt. 放弃, 抛弃, 遗弃, 使屈从, 沉溺, 放纵\nn. 放任, 无拘束, 狂热"
535,benign,1,305996,"a. 善良的, 良性的\n[医] 良性的"
534,blunt,1,353020,"a. 钝的, 坦率的, 麻痹的"
531,redistribution,1,2519776,"n. 重新分配, 再分发\n[计] 重新分配"
529,ordination,1,2145476,"n. 任命, 授神职(礼), 颁布法令, 排列"
528,discipline,1,846276,"n. 训练, 纪律\nvt. 训练, 惩罚"
526,chronic,1,544470,"a. 慢性的, 习惯性的\nn. 慢性病患者"
467,hitherto,1,1393796,"adv. 迄今, 至今"
465,mere,1,1866519,"n. 小湖, 池塘\na. 仅仅的, 只不过的"
348,mute,1,1980412,"n. 哑子, 哑音字母, 弱音器\na. 哑的, 无声的, 沉默的\nvt. 减弱...的声音\nvi. 排泄"
391,bore,1,367919,"n. 令人讨厌的人, 激浪, 枪膛, 孔\nvt. 使烦扰, 钻孔\nvi. 钻孔\nbear的过去式\n[计] 内径; 孔径"
384,drove,1,899487,n. 畜群\ndrive的过去式
385,reign,1,2533073,v. 为王，为君；当政；统治\nn. 为王，为君；当政；统治
386,brutal,1,403228,"a. 残忍的, 野蛮的, 不讲理的"
387,abbreviation,1,17229,"n. 缩写词, 缩写, 缩短, 节略"
389,correspondent,1,677778,"n. 通讯记者, 通信者\n[经] 客户, 代理商行, 代理银行"
390,exhaustion,1,1033983,"n. 抽空, 耗尽, 疲惫, 筋疲力尽\n[化] 抽空"
392,distinguished,1,857961,"a. 卓著的, 著名的"
376,frugal,1,1178845,"a. 节俭的, 朴素的"
393,colony,1,600536,"n. 殖民地, 移民队\n[医] 菌(集)落, 菌丛; 移民区"
394,outset,1,2165505,"n. 着手, 开头, 最初"
396,chaotic,1,512205,"a. 混乱的, 无秩序的\n[法] 混乱的, 混沌的"
397,contradictory,1,657187,"a. 反驳的, 反对的, 抗辩的\nn. 矛盾因素, 对立物"
398,implication,1,1470263,"n. 牵连, 含义, 暗示\n[法] 推断, 含蓄之意, 暗示"
400,subject,1,2933920,"n. 科目, 主题, 臣民, 主语, 题目, (事物的)经受者, 学科, 受治疗者, 原因, 理由\na. 服从的, 易患...的, 隶属的, 受支配的\nadv. 在...条件下\nvt. 使隶属, 使受到\n[计] 主题, 主体"
380,toy,1,3115040,"n. 玩具, 小玩艺儿, 小型的东西, 消遣\na. 供玩耍的, 作为玩具的\nvi. 玩弄, 戏弄, 调情"
375,surplus,1,2965205,"n. 剩余, 过剩, 盈余\na. 过剩的, 剩余的"
464,bourgeois,1,375374,"n. 中产阶级分子, 商人, 资产阶级\na. 中产阶级的, 平庸的\nn. 九点活字"
359,compel,1,618737,"vt. 强迫, 迫使"
349,temptation,1,3026860,"n. 诱惑, 诱惑物\n[法] 诱惑, 诱惑物"
352,accuracy,1,32914,"n. 精确, 正确\n[计] 准确度"
353,unconscious,1,3195098,"a. 未意识到的, 无意识的, 无知觉的\n[医] 人事不省的, 神志丧失的; 无意识的"
355,impression,1,1471766,"n. 印象, 意念, 盖印, 印记, 印数, 底色, 效果\n[医] 压迹, 印模, 印象, 影响"
356,sensible,1,2712343,"a. 有感觉的, 敏感的, 明智的\n[医] 可感觉的"
357,adequate,1,54028,"a. 适当的, 足够的\n[法] 胜任的, 适当的, 充分的"
360,mandate,1,1806882,"n. 命令, 指令, 要求\nvt. 委任统治"
373,bacon,1,248157,n. 熏猪肉\n[机] 腌肉
362,fairy,1,1057827,"n. 仙女, 精灵\na. 仙女的"
363,provisions,1,2419325,"n. 存粮, 给养, 口粮, 食物, 粮食\n[经] 食品, 粮食"
367,anticipate,1,154210,"vt. 预期, 占先, 加速, 提前使用\n[医] 提前出现, 先期发生"
369,economical,1,931918,"a. 节俭的, 经济的, 合算的\n[经] 经济的, 节约的"
370,exact,1,1027749,"a. 精确的, 准确的, 精密的\nvt. 强求, 急需"
371,excel,1,1028785,"vt. 胜过, 优于, 擅长\nvi. 胜过其他"
401,undermine,1,3200357,"vt. 在...下面挖, 渐渐破坏, 暗地里破坏\n[法] 暗中破坏, 以阴谋中伤伤害"
402,obsessed,1,2098107,a. 着迷的；无法摆脱的
403,pervasive,1,2256726,"a. 普遍的, 流行的, 到处蔓延的, 到处渗透的"
455,inspiration,1,1513323,"n. 灵感, 鼓舞人心的人或物, 妙计, 吸气\n[医] 吸[气]"
444,resentment,1,2551891,"n. 怨恨, 愤恨"
445,discerning,1,845481,"a. 有眼力的, 敏锐的, 有辨别能力的, 有洞察力的"
449,prudence,1,2420032,"n. 审慎, 慎重, 精明, 节俭"
451,trivial,1,3150472,"a. 琐碎的, 不重要的, 轻微的, 平常的"
453,accomplished,1,30938,"a. 完成的, 实现的, 有造诣的, 熟练的, 善社交的"
454,empathy,1,970972,"n. 移情作用, 共鸣\n[医] 移情, 神入"
456,renaissance,1,2543037,"n. 复活, 复兴, 文艺复兴\na. 文艺复兴的"
406,pastel,1,2221230,"n. 粉蜡笔, 粉蜡笔画, 随笔\na. 彩色蜡笔的, 蜡笔画的, 柔和的, 纤弱的"
457,exemplary,1,1032689,"a. 可仿效的, 可做模范的, 惩戒性的, 示范的\n[法] 惩罚性的, 警戒性的, 示范的"
458,celebrated,1,489653,"a. 驰名的, 有名的"
459,cunning,1,722925,"a. 狡猾的, 巧妙的, 可爱的\n[法] 狡猾的的, 狡诈的, 熟练的"
460,ruthlessness,1,2623630,n. 无情；冷酷；残忍
461,steadfast,1,2889890,"a. 坚定的, 踏实的, 固定的, 不变的"
462,integrity,1,1519802,"n. 正直, 廉正, 完整\n[计] 完整性"
443,graduated,1,1277434,"a. 毕业了的, 分等级的, 分度的, 刻度的\n[医] 有刻度的"
441,reinforce,1,2533599,"vt. 加强, 增援, 补充\nvi. 求援, 得到增援\nn. 加固材料"
433,prudent,1,2420041,"a. 审慎的, 三思而后行的, 精明的, 节俭的"
432,disaster,1,844684,"n. 灾祸, 不幸, 彻底失败"
431,authoritative,1,221484,"a. 权威性的, 官方的, 命令式的\n[法] 官方的, 当局的, 权威的"
430,efficacy,1,939454,"n. 功效, 效力\n[医] 效能, 功效, 效验"
429,domain,1,871377,"n. 领域, 领土, 产业, 范围\n[计] 域, 区域, 支配命令"
428,file,1,1093704,"n. 档案, 公文箱, 文件夹, 文件, 卷宗, 锉刀\nvi. 列队行进, 用锉刀做\nvt. 归档, 申请, 锉, 琢磨\n[计] 文件"
425,molecule,1,1929832,"n. 分子, 些微\n[化] 分子"
420,genetics,1,1223527,n. 遗传学\n[化] 遗传学
417,preliminary,1,2374505,"n. 初步做法, 初步措施, 预试, 预选赛\na. 初步的, 开始的, 预备的"
416,assured,1,203863,"a. 确定的, 自信的\n[经] 被保险人, 被保证者, 投保人"
414,agitated,1,74415,"a. (表现出)不安/焦虑的, (被)激烈辩论的, (被)热烈讨论的, 颤抖的\n[医] 激越的"
413,inborn,1,1480029,a. 天生的；先天的
412,classify,1,562214,"vt. 分类, 归类, 分等\n[建] 分类, 分级, 分粒"
411,magnify,1,1788918,"vt. 放大, 扩大, 赞美, 夸大\nvi. 有放大能力"
410,segment,1,2693221,"n. 片段, 部分, 分节, 段\nv. 分割, 分裂\n[计] 段"
435,reckless,1,2511244,"a. 不介意的, 大意的, 鲁莽的, 不顾后果的\n[法] 不注意的, 粗心大意的, 鲁莽的"
