word,showCount,translation
school,89,"n. 学校, 鱼群, 门派, 学派
vt. 教育, 训练, 培养
vi. 成群地游"
choice,70,"n. 选择, 精选品, 选择权
a. 精选的, 挑三拣四的, 上等的
[计] DOS内部命令:在批处理文件中
该命令用于提示用户作出选择, 决定批处理文件的流程"
don,67,"n. 西班牙贵族(或绅士), 先生, 阁下
vt. 穿上"
economy,51,"n. 经济, 理财, 节约
[医] 经济, 整体"
control,47,"n. 控制, 管理, 克制, 控制器, 操纵装置
vt. 控制, 操纵, 抑制
[计] 控制; 控制器"
generation,44,"n. 一代, 一世, 产生
[医] 生殖, 世代"
tend,44,"vi. 走向, 有某种的倾向, 易于, 照顾, 注意
vt. 照料, 护理"
available,42,"a. 可利用的, 可获得的, 有效的
[医] 有效的, 可得的"
individual,35,"n. 人, 个人, 个体
a. 个别的, 个人的, 独特的"
intellectual,35,"n. 有知识者, 知识分子, 凭理智做事者
a. 智力的, 用脑力的, 聪明的"
lot,33,"n. 运气, 签, 抽签, 份额, 许多, 一堆
vt. 划分
vi. 抽签, 抓阄"
capacity,32,"n. 容量, 能力, 才能, 资格
[计] 容量"
period,32,"n. 时期, 节段, 节, 句点, 学时, 周期
a. 当时特有的, 过去某段时期的
interj. 就是这话, 就是这么回事"
mean,31,"a. 低劣的, 卑贱的, 简陋的, 吝啬的, 惭愧的, 平均的, 中间的, 普通的
vt. 意谓, 想要, 意欲, 预定
vi. 用意, 有意义
n. 平均数, 中间, 中庸"
taking,29,"n. 取得, 捕获, 进款
a. 迷人的, 可爱的, 会传染的"
particular,29,"n. 一项(或条、点), 个别项目, 详细说明
a. 特别的, 独有的, 挑剔的, 详尽的"
decline,29,"n. 衰退, 跌落, 下降
vt. 使降低, 婉谢
vi. 下降, 衰落, 偏斜"
produce,28,"n. 生产品, 物产, 后代
vt. 产生, 生产, 提出, 出示
vi. 生产, 制造"
approach,28,"n. 接近, 入门
vt. 接近, 近似, 找...商量
vi. 靠近"
issue,27,"n. 发行, 问题, 后果, 流出, 出口, 争端
vi. 发行, 流出, 造成...结果, 传下
vt. 使流出, 放出, 发行, 发布, 发给"
limited,27,"a. 有限制的, 有限的, 有限责任的
n. 特别快车"
significant,27,"a. 重要的, 有效的, 有含义的, 暗示的, 值得注意的"
essential,26,"n. 要素, 要点, 本质
a. 必要的, 重要的, 本质的
[计] 本质冒险"
moment,25,"n. 片刻, 瞬间, 重要, 阶段, 力矩
[医] 片刻, 瞬间, 时机, 因素, 矩"
trend,25,"n. 趋势, 倾向, 走向
vi. 倾向, 转向
[计] 趋势"
appropriate,25,"a. 适当的
[经] 适当的, 拨出, 占用"
access,24,"n. 通路, 入口, 接近, 进入, 使用权, 发作
vt. 访问, 存取, 接近, 使用
[计] 访问, 存取"
potential,24,"n. 潜在性, 可能性, 潜力, 潜能, 势, 位
a. 有潜力的, 可能的, 潜在的"
productivity,24,"n. 生产力
[经] 生产率, 生产能力"
marked,24,"a. 有记号的, 显著的, 醒目的
[化] 有记号的; 显著的"
patent,23,"n. 专利权, 许可证, 执照, 专利品, 素质
a. 专利的, 特许的, 显著的, 新奇的
vt. 取得...的专利权, 请准专利"
court,23,"n. 法院, 庭院, 奉承
vt. 献殷勤, 追求, 招致
vi. 求爱"
corporate,22,"a. 社团的, 合伙的, 公司的
[经] 团体的, 法人的, 社团的"
inflation,22,"n. 胀大, 夸张, 通货膨胀
[化] 充气吹胀; 膨胀"
demand,21,"n. 要求, 需求, 需要
v. 要求, 查询"
status,21,"n. 状态, 情形, 地位, 要人身份
[计] 状态"
address,20,"n. 住址, 演说, 举止, 灵巧, 求爱
vt. 发表(演说或讲话), 对付, 写地址
[计] 地址, 寻址"
fell,20,"vt. 击倒
n. 一季所伐的木材, 折缝
a. 凶猛的, 可怕的
fall的过去式"
stock,20,"n. 树干, 祖先, 血统, 原料, 备料, 库存, 牲畜, 股票, 股份, 保留剧目
a. 存货的, 常备的, 平凡的, 普通的, 股票的, 保留剧目的, 繁殖用的
vt. 装把手于, 进货, 备有, 放牧
vi. 出新芽, 备货, 囤积"
involved,20,"a. 难懂的, 复杂的, 不易懂的, 卷入...之中的, 累及..., 与...有关, 被纠缠的
[计] 包含, 涉及"
critical,19,"a. 批评的, 决定性的, 危险的, 临界的
[医] 危象的; 临界的, 极期的"
genetic,19,"a. 创始的, 遗传的, 起源的, 遗传学的
[医] 生殖的, 遗传的"
exceptional,19,"a. 例外的, 异常的, 特别的"
guilt,19,"n. 罪行, 内疚
[法] 罪, 犯罪, 罪行"
fast,19,"a. 快速的, 紧的
adv. 很快地, 紧紧地, 彻底地
n. 绝食, 斋戒
vi. 绝食, 斋戒"
avoid,19,"vt. 避免, 防止, 撤消
[法] 避免, 回避, 躲开"
subject,19,"n. 科目, 主题, 臣民, 主语, 题目, (事物的)经受者, 学科, 受治疗者, 原因, 理由
a. 服从的, 易患...的, 隶属的, 受支配的
adv. 在...条件下
vt. 使隶属, 使受到
[计] 主题, 主体"
obvious,18,"a. 明显的, 明白的, 显然的, 平淡无奇的"
unique,18,"a. 独一无二的, 独特的, 稀罕的"
original,18,"a. 最初的, 原始的, 有创意的
n. 原物, 原作"
impact,18,"n. 冲击, 冲突, 影响, 效果
vt. 挤入, 撞击, 压紧, 对...发生影响"
formation,17,"n. 形成, 构造, 编队
[医] 形成, 结构"
recession,16,"n. 后退, 凹处, 衰退, 归还
[医] 退缩"
academic,16,"a. 学院的, 学术的, 不切实际的
n. 大学生, 大学教师, 学者, 学会会员"
hold,16,"n. 把握, 把持力, 柄, 控制, 掌握, 监禁
vt. 保存, 握住, 拿住, 占据, 持有, 拥有
vi. 支持, 持续, 有效
n. 保留
[计] 保留"
weather,16,"n. 天气, 气象, 处境
a. 迎风的
vt. 使受风吹雨打, 侵蚀, 使风化, 经受住
vi. 风化, 受侵蚀, 经受风雨"
remains,15,"n. 剩余物, 废墟, 残余
[法] 遗体, 尸体, 遗骸"
debate,15,"n. 辩论, 讨论
v. 争论, 辩论"
scale,15,"n. 刻度, 衡量, 比例, 比例尺, 数值范围, 等级, 规模, 天平, 秤, 鳞, 积垢
vt. 依比例决定, 攀登, 测量, 绘制, 刮鳞, 使生垢, 过秤
vi. 剥落, 生水垢, 重量为, 攀登, 衡量
[计] 刻度"
response,15,"n. 反应, 回答, 响应
[计] 应答"
flight,15,"n. 飞行, 射程, 逃走, 飞跃, 飞机航程, 班机, 迁徙, 飞逝
vi. 迁徙
vt. 射击(飞禽), 为(箭)装上羽毛, 使惊飞"
movement,15,"n. 运动, 动作, 运转, 移动, 倾向, 变化, 活动, 乐章
[医] 运动"
bit,14,"n. 少量, 马嚼子, 辅币
vt. 给马上嚼子, 控制
bite的过去式和过去分词
[计] 比特, 二进制数位, 机内测试"
sufficient,14,"a. 充分的, 足够的
[法] 充分的, 足够的"
outline,14,"n. 大纲, 轮廓, 概要
vt. 描画轮廓, 描述要点
n. 大纲, 分级, 轮廓
[计] 大纲, 分级, 轮廓"
confidence,14,"n. 信心
[电] 可靠"
ready,14,"n. 预备好的状态, 现款
a. 准备好的, 备用的, 可以使用的
adv. 预先, 迅速
vt. 使准备好"
minutes,14,"n. 会议记录
[法] 备忘录, 会议记录, 审判记录"
intellect,14,"n. 智力, 出众的才华, 知识分子
[医] 智力, 才智"
appeal,13,"n. 恳求, 诉请, 上诉, 吸引力
vi. 呼吁, 诉请, 要求, 上诉, 有吸引力
vt. 将...上诉"
defined,13,"a. 清晰的, 轮廓分明的；有定义的, 确定的"
sensitive,13,"a. 敏感的, 易感的, 灵敏的, 感光的
[机] 敏感的, 灵敏的, 感度高的"
contrast,13,"n. 差别, 对比, 对照物
vt. 使对比
vi. 成对照
[计] 反差; 对比度"
infer,12,"vt. 推论出, 推断
vi. 作推论"
radiation,12,"n. 辐射
[化] 放射"
substance,12,"n. 物质, 实质, 主旨, 资产, 本质, 牢固
[化] 物质"
humor,12,"n. 幽默, 诙谐, 心情
vt. 迎合, 牵就, 顺应"
settled,12,"a. 固定的, 决定的, 持续的, 难以消除的
[经] 付讫的, 固定的, 结过帐的"
mechanical,12,"a. 机械的, 机械性的, 力学的
[医] 机械的, 力学的"
crude,12,"a. 天然的, 未成熟的, 粗糙的, 粗鲁的
n. 天然的物质"
religion,12,"n. 宗教, 信仰
[法] 宗教, 宗教信仰, 信仰"
estate,12,"n. 不动产, (人生的)阶段, 阶层, 财产
[经] 房地产, 遗产, 财产"
forward,12,"a. 向前的, 早的, 迅速的, 在前的, 进步的
vt. 促进...的生长, 转寄, 运送
adv. 向前地
[计] 前推, 转信"
detection,12,"n. 发现, 察觉, 探测
[计] 检波; 检测"
definition,12,"n. 定义, 精确度, 清晰度
[计] 清晰度; 清晰度"
threat,12,"n. 恐吓, 恶兆, 威胁
[经] 威胁"
discipline,11,"n. 训练, 纪律
vt. 训练, 惩罚"
supreme,11,"n. 至高, 霸权
a. 至高的, 终极的, 极端的, 最大的"
elite,11,"n. 精华, 精锐, 中坚分子"
die,11,"vi. 死亡, 消逝, 平息, 熄灭, 漠然, 渴望
vt. 死
n. 骰子, 冲模"
safe,11,"n. 保险箱, 冷藏室
a. 安全的, 可靠的, 平安的, 稳健的, 有把握的"
anthropology,11,"n. 人类学
[医] 人类学"
measured,11,"a. 整齐的, 慎重的, 基于标准的"
draft,11,"n. 气流, 草稿, 汇票, 草案
vt. 起草, 征兵
[计] 草稿"
obesity,11,"n. 肥胖
[医] 肥胖, 多脂"
zone,11,"n. 地带, 带, 地区
vt. 环绕, 使分成地带
vi. 分成区
[计] 卡片顶部的三行区; 区; 区域"
constant,11,"n. 常数, 恒量
a. 不变的, 一定的, 时常的
[计] 常量; 常数; 恒值"
institution,11,"n. 机构, 惯例, 制度
[医] 机关, 机构, 设施"
credit,11,"n. 信用, 信任, 荣誉, 贷款, 学分
vt. 归功于, 赞颂, 信任, 相信
[计] 信用量"
verbal,11,"a. 用言辞的, 言语的, 口头的, 逐字的, 动词的
[医] 言语的, 口述的"
fundamental,11,"n. 基本原理, 原则, 基波
a. 基本的, 重要的, 原音的"
sport,11,"n. 运动, 游戏, 娱乐, 消遣, 玩笑
a. 运动的, 户外穿戴的
vi. 游戏, 参加体育运动, 戏弄, 产生变种
vt. 炫耀, 使产生变种"
desirable,11,"a. 令人想望的, 可取的"
phrase,11,"n. 惯用语, 词组, 成语, 措词, 乐句
vt. 用短语表达, 把(乐曲)分成短句
[计] 短语"
panel,10,"n. 嵌板, 仪表板, 专题讨论小组, 全体陪审员
vt. 嵌镶板"
transport,10,"n. 运输, 运输工具, 激动, 狂喜, 流放犯
vt. 传送, 运输, 流放
[计] 传送"
executive,10,"n. 执行部门, 执行委员会, 执行者, 经理主管人员
a. 执行的, 善于执行的, 善于经营的
[计] 执行程序"
dominant,10,"a. 占优势的, 支配的
[医] 优性的, 显性的"
agreement,10,"n. 同意, 合约, 协议
[经] 契约, 协议, 协定"
identify,10,"vt. 识别, 认为...等同于, 确定, 使参与
vi. 一致, 认同"
press,10,"n. 压, 揿, 按, 人群, 印刷机, 压力, 出版社, 记者, 报刊, 新闻舆论, 紧迫
vt. 压, 压榨, 紧抱, 逼迫, 推进, 强迫征募, 催逼
vi. 压, 重压, 催促, 拥挤, 奋力前进, 受压"
desperate,10,"a. 不顾一切的, 危急的, 令人绝望的, 极渴望的"
illegal,10,"a. 违法的, 不合规定的
[经] 非法的, 犯规的"
trial,10,"n. 审判, 试验, 艰苦, 麻烦事, 考验
a. 审讯的, 试验性的"
plastic,10,"n. 塑料, 可塑体, 可塑性物质
a. 塑料的, 塑造的, 有可塑性的, 造型的, 易受影响的, 有创造力的"
random,10,"n. 随意, 随机
a. 任意的, 随便的, 胡乱的, 随机的
adv. 胡乱地"
enormous,10,"a. 巨大的, 庞大的"
principle,10,"n. 原则, 原理, 主义
[化] 原理"
application,10,"n. 应用, 申请, 志愿书, 应用程序
[计] 应用, 应用程序"
alter,10,v. 改变
helping,10,"n. 帮助, 协助, 一份"
check,9,"n. 检查, 支票, 阻止物, 寄物牌, 象棋中将军
vt. 检查, 阻止, 核对, 寄存, 托运
vi. 逐项相符, 开支票
[计] 复选"
innovation,9,"n. 改革, 创新
[法] 创新, 改革, 刷新"
conduct,9,"n. 行为, 举动, 指导
vt. 为人, 指挥, 管理, 实施
vi. 领导, 传导, 指挥"
gene,9,"n. 基因
[化] 基因(遗传因子)"
commission,9,"n. 委任状, 任官令, 所委职责, 佣金, 犯, 委托, 所托之事
vt. 委任, 委托制作, 使服役"
psychology,9,"n. 心理学, 心理状态
[医] 心理学"
legislation,9,"n. 立法, 法律
[医] 立法, 法规"
mere,9,"n. 小湖, 池塘
a. 仅仅的, 只不过的"
ensure,9,"vt. 确定, 保证, 担保, 保护
[经] 确保, 确定"
table,9,"n. 桌子, 餐桌, 工作台, 铭文, 表格, 表, 高原, 平地层
vt. 搁置, 嵌合, 制表, 把...列入议事日程
[计] 表格, 模拟运算表"
promote,9,"vt. 促进, 晋升, 创办, 推销
[经] 促进, 推广, 推销"
elementary,9,"a. 初步的, 基本的
[医] 元素的, 基础的, 初级的"
previous,9,"a. 早先的, 前面的, 过急的
[法] 以前的, 生前的, 前述的"
crucial,9,"a. 决定性的, 重要的, 严厉的
[医] 十字形的; 决断的, 定局的"
abuse,9,"n. 滥用, 虐待, 恶习, 辱骂
vt. 滥用, 辱骂, 虐待"
addition,9,"n. 加法, 增加的人(或物)
[计] 加法"
preserve,9,"vt. 保护, 保持, 保存, 维持, 腌, 禁猎
vi. 加工食品, 禁猎
n. 加工成的食品, 禁猎地, 保护区, 防护物"
cross,9,"n. 十字架, 十字架形物件, 交叉, 十字标, 交叉路, 磨难, 杂交
a. 生气的, 交叉的, 相反的
v. 交叉, 横过, 越过
[计] 交叉, 十字标"
aggressive,9,"a. 侵略的, 挑畔的, 进取的
[法] 侵略的, 爱挑衅的, 行为过火的"
boom,9,"n. 繁荣, 隆隆声
vi. 急速发展, 发隆隆声
vt. 使兴旺, 发隆隆声"
hide,8,"n. 兽皮, 迹象, 躲藏处
vt. 藏, 隐瞒, 遮避, 剥...的皮, 隐藏
vi. 躲藏
[计] 隐藏"
exposure,8,"n. 暴露, 揭发, 揭露
[化] 曝光量; 照射; 照射量"
context,8,"n. 上下文, 背景, 来龙去脉
n. 上下文
[计] 上下文"
affected,8,"a. 假装的, 做作的, 受影响的"
interaction,8,"n. 交互作用, 交感
[计] 交互作用"
boring,8,"a. 烦人的, 无聊的, 无趣的
[机] 成孔期, 搪孔"
severe,8,"a. 严格的, 尖锐的, 严肃的, 严重的, 严厉的, 朴素的
[法] 严厉的, 苛刻的, 严重的"
collection,8,"n. 收集, 采集, (一批)收藏品, 募捐
[医] 收集; 收集品, 标本"
survive,8,"vt. 比...活得长, 生存, 生还, 幸免于
vi. 活下来, 幸存"
reflect,8,"vt. 反射, 反映, 招致, 深思
vi. 被反射, 映出, 深思, 考虑, 指责"
eliminate,8,"vt. 除去, 排除, 剔除, 消除"
telling,8,"a. 有效的, 显著的, 显露内心活动的"
dealing,8,"n. 经营行为, 行为, 交易
[法] 待遇, 处置, 行为"
urgent,8,"a. 紧急的, 急迫的, 催逼的
[经] 紧急的, 急迫的"
track,8,"n. 轨迹, 足迹, 径迹, 小道, 轨道, 磁轨, 途径
vt. 循路而行, 追踪, 通过, 用纤拉
vi. 追踪, 留下足迹, 沿轨道运行
[计] 跟踪"
planet,8,"n. 行星, 命运星辰, 杰出的人, 重大影响的事"
distant,8,"a. 远的, 疏远的
[经] 远期的"
temporary,8,"a. 暂时的, 临时的
n. 临时工, 临时雇员
[计] 临时"
studied,8,"a. 有计划的, 慎重的"
packed,7,"a. 充满...的, 满座的, 挤得满满的, 压坚实的, 塞满了...的, 挤满了人的, 拥挤的
[计] 压缩的, 装配的"
compete,7,"vi. 竞争, 对抗"
perspective,7,"n. 远景, 透视感, (观察问题的)视角, 透视法, 看法, 透视图
a. 透视的, 透视法的
[计] 透视"
readily,7,"adv. 迅速地, 轻易地, 乐意地"
shuttle,7,"n. 穿梭, 梭子, 往返移动之物
v. (使)穿梭移动, 往返运送"
priority,7,"n. 优先权, 优先
[计] 优先级"
vulnerable,7,"a. 易受伤害的, 有弱点的, 易受影响的, 脆弱的, 成局的
[医] 易损的"
feature,7,"n. 面孔的一部分(如眼、口等), 特征, 容貌, 特色, 特写
vt. 是...的特色, 特写, 放映
vi. 起重要作用
[计] 特性"
ban,7,"n. 禁令
vt. 禁止, 取缔"
unconscious,7,"a. 未意识到的, 无意识的, 无知觉的
[医] 人事不省的, 神志丧失的; 无意识的"
characteristic,7,"n. 特性, 特征, 特色
a. 特性的, 特有的, 有特色的
[计] 阶; 指数"
continent,7,"n. 大陆, 洲
a. 自制的"
score,7,"n. 得分, 抓痕, 二十个, 刻痕, 帐目, 乐谱, 起跑线, 终点线, 大量
vt. 刻划, 划线, 获得, 评价, 把...记下
vi. 刻痕, 记分, 得分
[计] 得分"
compensate,7,"v. 偿还, 补偿, 付报酬"
multiple,7,"n. 倍数, 并联
a. 多样的, 许多的, 多功能的"
illustrate,7,"vt. 举例说明, 作图解, 阐明
vi. 举例说明"
perception,7,"n. 知觉, 感觉, 领悟力, 获取
[医] 知觉"
objective,7,"n. 目的, 目标, 宗旨, 宾格, 实物
a. 客观的, 如实的, 无偏见的, 宾格的"
assessment,7,"n. 评估, 估定, 评定的款额
[化] 评估"
revenue,7,"n. 收入, 岁入, 税收, 税务局
[经] 岁入, 税收, 税务局"
impose,7,"vt. 征(税), 把...强加于, 以...欺骗
vi. 利用, 欺骗, 施加影响"
institute,7,"n. 学会, 学院, 协会
vt. 创立, 开始, 制定, 任命"
humanity,7,"n. 人性, 人类, 博爱"
tolerance,7,"n. 宽容, 忍受, 容忍, 容许量, 公差
[计] 允许误差"
liability,7,"n. 责任, 债务, 倾向
[经] 责任, 义务, 负债"
conventional,7,"a. 传统的, 习惯的, 约定的
[经] 惯例的, 常规的, 传统的"
audience,7,"n. 听众, 观众, 读者
[法] 听讼, 观众, 听众"
blueprint,7,"n. 蓝图, 设计图, (周详的)计划
vt. 制成蓝图, 计划"
acquired,7,"a. 获得的, 后天的
[医] 获得的, 后天的"
base,7,"n. 底部, 垒, 基础, 基地
vt. 以...作基础
a. 卑鄙的, 低劣的
[计] 基准"
integrated,7,"a. 综合的, 完整的, 互相协调的
[法] 成为整体的, 综合的, 统筹的"
purchase,7,"n. 购买, 购买品, 紧握, 绞辘
vt. 购买, 赢得, 努力取得, 用滑轮起(锚等)"
boost,7,"n. 推进, 吹捧
vt. 推进, 提高, 宣扬, 促进"
reward,7,"n. 报酬, 酬谢, 赏金
vt. 奖赏, 酬谢, 给...应有报应"
equivalent,7,"n. 同等物, 等价物, 相等物
a. 相等的, 相当的, 同意义的
[计] 等价的"
virtual,7,"a. 实际上起作用的, 虚的, 实质的, 有效的, 事实上生效的
[计] 虚拟"
secure,7,"a. 无虑的, 安心的, 安全的, 可靠的, 保险的
vt. 固定, 获得, 保证, 使安全, 掩护, 招致
vi. 停止操作, 船抛锚"
initiative,7,"n. 主动行动, 首创精神, 主动权
a. 自发的, 起始的"
embryo,7,"n. 胚胎, 胎儿, 胚芽
[医] 胚, 胚胎"
diversity,6,"n. 差异, 多样性
[化] 多样性"
census,6,"n. 户口普查
vt. 实施统计调查"
mechanism,6,"n. 机械, 机构, 结构, 机理, 技巧
[化] 机理; 历程; 机构"
censorship,6,"n. 检查制度
[医] 督察, 监察"
rent,6,"n. 租金, 房租, 出租物, 裂缝, 破裂处, 分裂
vt. 租用, 租出
vi. 出租
a. 分裂的, 破裂的
rend的过去式和过去分词"
lean,6,"n. 瘦肉, 倾斜, 倾斜度
a. 瘦的, 贫乏的, 歉收的
vi. 倚靠, 倾斜, 依赖
vt. 使倾斜"
surplus,6,"n. 剩余, 过剩, 盈余
a. 过剩的, 剩余的"
indifferent,6,"a. 漠不关心的, 无重要性的, 中立的
[医] 中性的, 无作用的, 无亲和力的, 淡漠的"
exception,6,"n. 例外, 除外, 异议
[计] 例外; 异常"
prospect,6,"n. 景色, 展望
vt. 勘探, 勘察
vi. 勘探, 有前途"
artificial,6,"a. 人造的, 假的, 非原地产的
[医] 人工的, 人造的, 伟牟"
justify,6,"vt. 替...辩护, 证明
vi. 证明合法
[计] 段落重排, 两端对齐"
rat,6,"n. 鼠, 卑鄙的人, 破坏者, 变节者
vi. 捕鼠, 变节
vt. 弄蓬松"
smart,6,"a. 聪明的, 漂亮的, 刺痛的, 剧烈的, 敏捷的, 巧妙的, 伶俐的, 潇洒的
n. 刺痛, 痛苦
vi. 刺痛"
personalities,6,"n. 人身攻击, 诽谤"
automation,6,"n. 自动化, 自动操作
[计] 自动学; 自动化"
habitat,6,"n. 栖息地, 居留地, 自生地, 聚集处
[医] 习生地, 产地, 生境, 栖所"
accomplish,6,"vt. 完成, 达到, 实现, 使完美"
exact,6,"a. 精确的, 准确的, 精密的
vt. 强求, 急需"
mobility,6,"n. 可动性, 流动性, 机动性
[化] 迁移率"
assess,6,"vt. 估定, 对...征税, 评定
[经] 估计, 估价, 确定(税款罚款等)的金额"
rap,6,"n. 轻敲, 拍击, 责骂, 无价值的东西
vt. 轻敲, 厉声说出, 叱责, 抢走, 使着迷
vi. 敲击, 发敲击声, 交谈, 同情
[计] 随机存取程序, 资源分配处理器, 常驻汇编程序"
adjust,6,"vt. 调整, 使适应于, 校准
vi. 适应于, 被调节, 相互熟悉而适应"
distinction,6,n. 区别
perceive,6,"v. 感觉; 认识, 理解; 察觉到, 意识到, 注意到"
profound,6,"a. 极深的, 深厚的, 深刻的, 渊博的"
consequence,6,"n. 结果, 重要性
[法] 结果, 后果, 推断"
shelter,6,"n. 庇护所, 避难所, 庇护, 隐蔽处, 掩蔽
vt. 庇护, 保护, 隐匿
vi. 躲避"
mode,6,"n. 模态, 调式, 样式, 文体, 状态, 方式, 风尚
[计] 方式; DOS外部命令:设定各种设备命令"
definite,6,"a. 明确的, 一定的
[法] 明确的, 确切的, 一定的"
separate,6,"n. 独立件, 抽印本
a. 分开的, 各别的, 单独的, 分隔的
vi. 分开, 隔开, 分居
vt. 使分离, 使分开, 区分, 使分居"
waste,6,"n. 浪费, 废物, 损耗, 消耗, 荒地, 垃圾, 地面风化物
a. 废弃的, 荒芜的, 多余的
vt. 浪费, 消耗, 使荒芜
vi. 浪费, 消耗, 变消瘦"
comparison,6,"n. 比较, 对照, 比喻
[经] 比较, 对比"
massive,6,"a. 大而重的, 宽大的, 宏伟的
[医] 大块的, 整块的, 大量的"
depression,6,"n. 不景气, 消沉, 沮丧, 洼地
[医] 抑郁[症], 阻抑, 压低, 凹, 窝, 衰退, 俯角"
campaign,6,"n. 战役, 运动, 竞选运动
vi. 参加运动, 作战"
assume,6,"vt. 假定, 承担, 呈现
vi. 装腔作势, 僭越"
optimism,6,"n. 乐观主义, 乐观, 乐天
[医] 乐观主义, 乐观"
import,6,"n. 进口货, 进口, 输入, 含义, 重要性
vt. 输入, 引入, 进口, 含...的意思, 重要
vi. 有关系
[计] 引入"
handle,6,"n. 柄, 把手, 把柄, 柄状物, 手感
vt. 触摸, 运用, 买卖, 处理, 操作
vi. 搬运, 易于操纵
n. 句柄
[计] 句柄"
phenomena,6,pl. 现象
labour,6,"n. 劳动, 努力, 工作, 劳工, 分娩
vi. 劳动, 努力, 苦干
vt. 详细分析, 使厌烦"
square,6,"n. 正方形, 街区, 广场, 平方, 直角尺
a. 正方形的, 正直的, 公正的, 平方的, 方正的, 结清的
adv. 成直角地, 对准地
vi. 一致, 符合, 结清
vt. 使成方形, 使平方自乘, 调正, 结清, 使一致"
antarctic,6,"a. 南极的, 南极地带的
n. 南极地区"
commodity,6,"n. 农产品, 商品, 有用的物品
[经] 商品, 货物, 日用品"
obese,6,"a. 肥胖的
[医] 肥胖的"
skeptical,5,"a. 怀疑论的, 怀疑的, 不可知论的
[法] 怀疑的, 不信的, 怀疑论者的"
gross,5,"n. 总数, 总量
a. 总共的, 未打折扣的, 恶劣的, 粗野的
vt. 总共收入"
primitive,5,"n. 原始人, 早期艺术家
a. 原始的, 上古的
[计] 图元; 原语; 基元"
accuracy,5,"n. 精确, 正确
[计] 准确度"
impression,5,"n. 印象, 意念, 盖印, 印记, 印数, 底色, 效果
[医] 压迹, 印模, 印象, 影响"
regulation,5,"n. 规则, 管理, 调整
[计] 调整; 规章; 规则; 调节"
innovative,5,"a. 革新的, 创新的, 富有革新精神的"
combat,5,"n. 争斗, 战斗
vi. 战斗, 争斗
vt. 与...战斗, 与...斗争"
enterprise,5,"n. 企业, 事业心, 进取心, 干事业
[计] 企业"
feedback,5,"n. 反馈, 反应
[计] 反馈"
substantial,5,"n. 重要材料(或事物), 有实际价值的东西
a. 实质上的, 物质的, 有内容的, 结实的"
peak,5,"n. 山峰, 巅, 山顶, 顶点, 尖峰, 帽舌
a. 最高的, 最大值的
vi. 到达最高点, 消瘦, 变憔悴, 逐渐缩小
vt. 使竖起, 使达到最高点"
facilities,5,"n. 工具, 设施, 设备"
license,5,"n. 执照, 许可证, 特许
vt. 许可, 特许"
drought,5,"n. 干旱, 缺乏"
composed,5,"a. 镇静的, 沉着的"
negotiate,5,"vi. 商议, 谈判, 交涉
vt. 谈妥, 转让, 处理"
affordable,5,[计] 普及型
craft,5,"n. 技艺, 手艺, 诡计
vt. 精心制作"
advocate,5,"n. 提倡者, 拥护者
vt. 主张, 提倡"
engaged,5,"a. 忙碌的, 使用中的"
involuntary,5,"a. 自然而然的, 无意识的, 不知不觉的, 偶然的, 不随意的
[医] 不随意的"
arctic,5,"a. 北极的, 极寒的
n. 北极圈, 北极"
medium,5,"n. 媒体, 方法, 媒介
a. 半生熟的, 中间的
[计] 媒体, 中"
infant,5,"n. 婴儿, 儿童, 初学者
a. 婴儿的, 幼稚的"
toy,5,"n. 玩具, 小玩艺儿, 小型的东西, 消遣
a. 供玩耍的, 作为玩具的
vi. 玩弄, 戏弄, 调情"
contest,5,"n. 竞赛, 争论
vt. 竞争, 争取, 争辩
vi. 竞争"
myriad,5,"n. 无数, 无数的人(或物)
a. 无数的, 种种的"
prosperity,5,"n. 繁荣, 茂盛, 成功
[经] 繁荣"
inquiry,5,"n. 质询, 探索, 调查, 询盘
[计] 询问; 查询"
provincial,5,"n. 外地人, 粗野的人
a. 省的, 外地的, 偏狭的"
inclined,5,"a. 倾向于...的, 想要...的, 可能的, 趋向于...的"
contract,5,"n. 合约, 婚约, 契约
vt. 使皱缩, 使缩短, 感染, 订约, 缔结
vi. 皱缩, 订约, 收缩"
explore,5,"v. 探险, 探测, 探究"
savant,5,"n. 学者, 专家"
regulate,5,"vt. 管理, 控制, 调节, 调整, 校准
[经] 控制, 管理"
informed,5,a. 见多识广的
claim,5,"n. 要求, 要求权, 断言, 权利
vt. 要求, 认领, 主张
vi. 提出要求, 主张, 断言"
content,5,"n. 内容, 满足, 意义, 要旨
a. 满足的, 满意的
vt. 使...满足, 使...安心
[计] 内容"
leakage,5,"n. 漏, 漏出物, 泄漏
[化] 漏电; 漏水; 漏气; 渗漏; 漏失量; 漏出量"
restore,5,"vt. 回复, 恢复, 归还, 修补, 修复
vt. 还原
vi. 还原
[计] 还原; DOS外部命令:从备份盘中取回文件"
triumph,5,"n. 凯旋, 胜利, 欢欣
vi. 得胜, 成功"
cosmic,5,"a. 宇宙的, 宇宙航行的, 无限的, 有秩序的
[医] 宇宙的"
straightforward,5,"a. 笔直的, 率直的, 明确的, 简单的, 直接的"
milk,5,"n. 奶, 乳状物
vt. 挤乳, 榨取
vi. 产乳"
ideology,5,"n. 思想体系, 意识形态, 观念学, 空论
[医] 观念学, 观念形态"
indicate,5,"vt. 显示, 象征, 指示, 指出
[医] 指示"
accountability,5,"n. 负有责任, 可说明性
[化] 衡算计量"
extend,5,"v. 扩充, 延伸, 伸展, 扩大
[计] 扩展"
diverse,5,"a. 不同的, 变化多的"
immune,5,"a. 免疫的, 免除的, 不受影响的
n. 免疫者"
rail,5,"n. 横杆, 围栏, 栏杆, 铁轨, 扶手, 秧鸡
vt. 以横木围栏, 给...铺铁轨
vi. 责骂, 抱怨"
abandon,5,"vt. 放弃, 抛弃, 遗弃, 使屈从, 沉溺, 放纵
n. 放任, 无拘束, 狂热"
harsh,5,"a. 粗糙的, 刺耳的, 严厉的
[法] 粗糙的, 严厉的, 苛刻的"
fascinating,5,"a. 迷人的, 吸引人的, 使人神魂颠倒的"
budget,5,"n. 预算
vi. 编预算
vt. 编入预算, 安排
a. 廉价的"
persistent,5,"a. 固执的, 坚持的, 持续的, 作用持久的
[法] 坚持的, 固执的, 持续的"
subtle,5,"a. 敏锐的, 精细的, 狡猾的, 稀薄的, 灵巧的, 微妙的
[医] 锐敏的; 精细的"
motivation,5,"n. 动机, 刺激, 推动
[医] 促动, 推动, 诱导"
anthropologist,5,n. 人类学家
code,5,"n. 代码, 密码, 法规, 法典
vt. 把...编码
[计] 代码"
hospitality,5,"n. 款待, 亲切, 殷勤"
soil,5,"n. 土壤, 土地, 国家, 国土, 温床, 污物, 粪便, 水池
vt. 弄脏, 污辱
vi. 变脏"
emergence,5,"n. 出现, 浮现, 发生"
moderate,5,"a. 适度的, 稳健的, 中等的, 节制的
vt. 节制, 减轻, 使缓和
vi. 变缓和, 主持会议"
depressed,5,"a. 沮丧的, 降低的
[医] 抑郁的, 阻抑的, 压低的, 凹[陷]的, 扁平的"
reverse,5,"n. 相反, 背面, 倒退, 挫折, 失败
a. 反面的, 相反的, 反向的, 颠倒的
vt. 使颠倒, 使逆转, 使倒退, 使反向
vi. 倒退, 反向, 倒转, 反转
[计] 反转"
graduated,5,"a. 毕业了的, 分等级的, 分度的, 刻度的
[医] 有刻度的"
appreciate,5,"vt. 赏识, 鉴别, 为...而感激, 领会, 欣赏
vi. 增值, 涨价"
lengthy,5,"a. 冗长的, 漫长的"
rigid,5,"a. 坚硬的, 刚性的, 严格的, 精密的, 刻板的"
absorb,5,"vt. 吸收, 使全神贯注, 同化, 买进, 理解, 承受, 忍受, 承担
[医] 吸收"
considerable,5,"a. 相当的, 可观的, 重要的"
reminder,5,"n. 提醒的人, 暗示
[经] 催单"
drastic,5,"a. 激烈的
[医] 峻泻药, 剧烈的"
vital,5,"a. 生命的, 重要的, 充满活力的, 生死攸关的, 致命的
[医] 生命的, 生活的, 生活上必需的, 紧要的"
ultimate,5,"n. 终极, 根本, 顶点, 基本原则
a. 终极的, 根本的, 极限的, 最远的, 最后的, 最大的"
district,5,"n. 区域, 地方
[医] 地区, 地段"
confront,5,"vt. 使面对, 对抗, 遭遇, 使对质, 比较
[法] 对证, 使对质, 比较"
conflict,5,"n. 战斗, 冲突, 矛盾, 争执
vi. 争执, 战斗, 冲突, 抵触
[计] 冲突"
casual,5,"a. 偶然的, 不经意的, 便装的
n. 临时工, 待命士兵"
commit,5,"vt. 委托(托付), 犯罪, 指派...作战, 使承担义务
[法] 犯, 做, 把...交托给"
overwhelming,5,"a. 压倒性的, 无法抵抗的"
charitable,5,"a. 大慈大悲的, 宽厚的, 慈善的
[法] 慈善的, 慷慨的, 宽恕的"
host,5,"n. 主人, 旅馆老板, 节目主持人
vt. 当主人招待, 作...节目主持人
[计] 主机, 宿主机"
employ,5,"n. 雇用
vt. 雇用, 使用, 使从事于"
anticipate,5,"vt. 预期, 占先, 加速, 提前使用
[医] 提前出现, 先期发生"
monetary,5,"a. 货币的, 金钱的
[经] 货币的, 金融的"
concentrate,5,"n. 浓缩, 精选
v. 集中, 专心"
assemble,5,"vt. 集合, 收集, 装配
vi. 集合
[计] 汇编"
acknowledge,4,"vt. 承认, 告知收悉, 答谢, 报偿
[经] 承认, 答谢, 收到的通知"
initial,4,"n. 字首, 首字母
a. 开始的, 最初的, 字首的
vt. 用姓名的首字母签名"
abstract,4,"a. 抽象的, 深奥的
n. 摘要, 抽象概念
vt. 摘要, 提炼, 使抽象化
[计] 摘录; 摘要; 抽象"
prejudice,4,"n. 偏见, 成见, 侵害
vt. 使存偏见, 使有成见, 侵害"
rage,4,"n. 愤怒, 情绪激动, 狂暴
vi. 大怒, 狂吹, 流行"
foster,4,"a. 收养的, 养育的
vt. 养育, 抚育, 培养, 鼓励, 抱(希望)"
contempt,4,"n. 轻视, 轻蔑
[法] 藐视, 侮辱, 轻视"
premium,4,"n. 额外补贴, 奖金, 奖赏, 保险费
[医] 保险费"
spatial,4,"a. 空间的, 受空间条件限制的, 占地位的
[医] 隙的, 间隙的, 腔的; 空间的, 立体的"
suspicious,4,"a. 可疑的, 多疑的, 怀疑的
[法] 怀疑的, 令人怀疑的, 可疑的"
parallel,4,"n. 平行, 对比, 相匹敌之物
a. 平行的, 相似的
vt. 与...平行, 与...相似, 相比, 使平行
[计] 并联; 并行"
accelerate,4,"v. 加速, 促进"
recall,4,"n. 回忆, 召回, 撤消
vt. 回想, 回忆, 召回, 撤消, 使恢复
[计] 检索"
evaluation,4,"n. 评估, 估价, 求值
[计] 鉴定; 评价; 求值"
sustained,4,"a. 持续的, 持久不变的, 持久的, 不懈的
[计] 持续的"
prone,4,"a. 俯伏的, 面向下的, 有...倾向的
[医] 旋前的, 伏的, 俯的"
attach,4,"vt. 附上, 使依附, 使附属, 使喜爱, 系, 缚
vi. 附属, 归属, 联系在一起
[计] 挂接服务器命令, 关联, 挂接, 附加"
transfer,4,"n. 迁移, 移动, 传递, 转让, 转移, 过户, 汇兑, 换车
vt. 使转移, 调转, 调任, 改变, 传递, 转让
vi. 转移, 转学, 转职, 换车
[计] 传送"
epidemic,4,"n. 传染病, 流行病
a. 流行的, 传染性的"
mobile,4,"a. 移动的, 易变的, 机动的
n. 活动物体"
contain,4,"vt. 包含, 容纳, 控制
vi. 自制"
hostile,4,"a. 敌人的, 怀敌意的, 敌对的
n. 敌对分子"
monopoly,4,"n. 垄断, 专卖权, 独占事业
[经] 垄断, 专利品, 垄断(权)独占"
excess,4,"n. 过度, 剩于, 超过, 超额
a. 过量的, 额外的"
vivid,4,"a. 生动的, 鲜明的, 鲜艳的, 活泼的, 逼真的, 清晰的"
expand,4,"vt. 使膨胀, 详述, 扩张
vi. 张开, 发展
vt. 展开
vi. 展开
[计] 展开; DOS外部命令:将原始DOS磁盘上的压缩文件解压缩并拷贝到硬盘上"
juvenile,4,"n. 少年, 少年读物
a. 少年的, 不成熟的, 适于少年的"
communicate,4,"vt. 显露, 传达, 感染
vi. 通讯"
intuitive,4,a. 直觉的
brand,4,"n. 商标, 牌子, 烙印
vt. 打烙印于"
tag,4,"n. 标签, 附属物, 碎片, 结束语, 口头禅, 附加语, 浑名, 标记, 标记符
vt. 附以签条, 尾随, 添饰, 起浑名, 连接
vi. 紧紧跟随
[计] 标记"
thrive,4,"vi. 繁荣, 兴旺, 茁壮成长
[经] 兴旺, 繁荣, 旺盛"
capture,4,"n. 抓取, 战利品, 捕获之物
vt. 抓取, 获得, 迷住
[计] 截获命令"
rewarding,4,"a. 有益的, 有报酬的, 报答的"
controversy,4,"n. 论争, 辩论, 论战, 争论
[法] 论战, 争论, 争吵"
sociable,4,"a. 好交际的, 社交的, 过社会生活的
n. 联谊会"
alert,4,"a. 警觉的, 灵敏的, 留心的
n. 警报
vt. 使警觉, 通知, 使意识到"
interference,4,"n. 冲突, 干涉
[计] 干扰"
pursue,4,"vt. 追赶, 追踪, 追随, 追求, 实行, 继续, 从事
vi. 追赶, 继续"
pervasive,4,"a. 普遍的, 流行的, 到处蔓延的, 到处渗透的"
thesis,4,"n. 论题, 论文"
fantastic,4,"a. 奇妙的, 稀奇的, 空想的"
indispensable,4,"n. 不可缺少之物
a. 不可缺少的, 责无旁贷的, 绝对必要的"
remove,4,"vt. 移动, 调动, 除去, 迁移, 开除, 移交
vi. 迁移, 移动, 搬家
n. 班级, 升级, 移动, 搬家, 间距
[计] 删除"
complementary,4,"a. 补充的, 补足的
[经] 补足的, 补充的"
prolonged,4,"a. 延续的, 长时间的"
guilty,4,"a. 犯罪的, 有过失的, 自觉有错的, 心虚的
[法] 有罪的, 犯罪的, 自觉有罪的"
enhance,4,"vt. 提高, 加强, 增加"
nutrition,4,"n. 营养, 营养学
[医] 营养, 营养品"
lure,4,"n. 饵, 诱惑
vt. 引诱, 诱惑"
adequate,4,"a. 适当的, 足够的
[法] 胜任的, 适当的, 充分的"
demonstrate,4,"vt. 示范, 证明
vi. 示威"
request,4,"n. 请求, 需要, 申请书
vt. 请求, 要求, 邀请
[计] 请求"
operative,4,"a. 动作的, 运转的, 有效的, 关键的, 手术的
n. 技工, 侦探"
cartoon,4,"n. 卡通画, 漫画
v. 画漫画"
contact,4,"n. 联系, 交际, 熟人, 接触
vi. 接触, 联系
vt. 使接触"
factual,4,"a. 事实的, 实际的
[法] 事实的, 与事实有关的, 实际的"
liable,4,"a. 有义务的, 应负责的, 有...倾向的
[法] 有责任的, 可受处理的, 应受罚的"
persistence,4,"n. 固执, 坚持不懈, 持续(性), 存留(状态)
[电] 持久"
fatal,4,"a. 致命的, 重大的, 命运注定的, 粗心的, 不幸的
[医] 致命的, 致死的"
principal,4,"n. 校长, 首长, 本金, 主犯, 资本, 委托人
a. 主要的, 最重要的, 首要的"
delicate,4,"a. 细致优雅的, 微妙的, 美味的
[医] 柔弱的"
generate,4,"vt. 产生, 发生, 导致
[电] 产生"
tidy,4,"n. 椅子的背罩, 装杂物的容器
a. 整齐的, 有条理的
vt. 弄整齐, 收拾, 整理
vi. 整理, 收拾"
genuine,4,"a. 真正的, 真实的, 诚恳的
[医] 真性的"
conference,4,"n. 会议
[经] 会议, 讨论会, 协商会"
designer,4,"n. 设计者, 谋划者, 制图者
[计] 设计员"
spoke,4,"n. 轮辐
vt. 装轮辐, 用刹车刹住
speak的过去式"
poisonous,4,"a. 有毒的, 恶毒的, 讨厌的
[医] 有毒的"
precise,4,"a. 精确的, 严谨的, 明确的
[机] 精密的, 正确的"
collected,4,"a. 收集成的, 镇定的"
comprehensive,4,"a. 广泛的, 有理解力的, 综合的
[经] 广泛的, 综合的, 全面的"
plain,4,"n. 平原, 草原, 朴实无华的东西, 无格式
a. 简单的, 明白的, 平常的, 不好看的, 朴素的, 清晰的, 普通的, 平坦的, 十足的
adv. 清楚地, 显然地
[计] 无格式"
beam,4,"n. 横梁, 杆, 光线, 容光焕发
vi. 用梁支承, 微笑, 射出光线
vt. 照耀, 感到欣喜
[计] 束"
absolute,4,"a. 绝对的, 专制的, 完全的, 独立的
n. 绝对事物"
obscure,4,"a. 模糊的, 昏暗的, 难解的, 晦涩的, 偏僻的, 微贱的, 无名的
vt. 使变暗, 隐藏, 使变模糊, 使难解"
maximize,4,"vt. 取...最大值, 使增加(或扩大)到最大限度
[计] 最大化"
apparatus,4,"n. 装置, 器具, 器官
[化] 仪器; 器械"
personnel,4,"n. 人员, 人事部门, 人事科(处)
[经] 人事, 全体人员, 职工"
analyze,4,"vt. 分析, 细察, 分解
[机] 分析"
permanent,4,"a. 永久的, 不变的, 固定的, 持久的
n. 烫发
[计] 永久的"
classify,4,"vt. 分类, 归类, 分等
[建] 分类, 分级, 分粒"
accurate,4,"a. 正确的, 精确的
[经] 准确的, 精确的"
subsequent,4,"a. 后来的, 接下去的
[经] 后来的"
blue,4,"n. 蓝色
a. 蓝色的, 下流的, 忧郁的
vt. 染成蓝色
vi. 变蓝"
dispute,4,"n. 争论
v. 争论"
offspring,4,"n. 子孙, 后代, 产物
[法] 后辈, 子孙, 后裔"
exhaust,4,"n. 排气, 排气装置, 废气
vt. 抽完, 用尽, 耗尽, 使精疲力尽
vi. 排气"
inherent,4,"a. 固有的, 与生俱来的
[医] 固有的, 生来的"
sensitivity,4,"n. 敏感, 灵敏度
[计] 灵敏度"
digit,3,"n. 数字, 位数, 指头
[计] 数位; 位"
scared,3,"a. 害怕的, 担惊受怕的, 惊慌的, 吓坏了的"
establishment,3,"n. 确立, 制定, 设施
[经] 企业, 公司, 商店"
expenditure,3,"n. 开支, 费用, 用光, 消费额
[经] 支出, 费用, 消费"
objection,3,"n. 异议, 反对, 不喜欢, 缺点, 缺陷, 妨碍, 拒绝之理由
[法] 异议, 反对, 抗议"
presentation,3,"n. 赠与, 描述, 介绍
[计] 简报"
forecast,3,"n. 预想, 预测, 预报
vt. 预想, 预测, 预报
[计] 趋势预测"
pose,3,"n. 姿势, 姿态, 装模作样, 伪装
vi. 摆姿势, 装模作样, 假装
vt. 使摆好姿势, 提出, 造成"
mechanics,3,"n. 机械学, 结构, 力学
[化] 力学"
cunning,3,"a. 狡猾的, 巧妙的, 可爱的
[法] 狡猾的的, 狡诈的, 熟练的"
shoulder,3,"n. 肩, 肩膀, 衣肩
vt. 肩负, 负担, 担任
vi. 用肩推挤"
modest,3,"a. 谦逊的, 羞怯的, 端庄的, 适度的
[经] 适当的"
chancellor,3,"n. 大臣, 总理, 首相, 大使馆/领事馆的一等秘书, 司法官, 大学校长"
penalty,3,"n. 处罚, 刑罚, 罚款, 罚球, 报应, 不利结果, 妨碍
[经] 罚金(款), 违约金"
manifest,3,"n. 载货单, 运货单, 旅客名单
a. 显然的, 明白的
vi. 显示, 出现
vt. 表明, 表现, 证明"
release,3,"n. 释放, 发泄, 豁免, 发行, 释放证书
vt. 释放, 解除, 放松, 豁免, 免除, 发布, 放弃, 让与
n. 发布
[计] 版本, 发布"
deduce,3,"vt. 推论, 演绎出
[法] 推断, 推出, 演绎"
inferior,3,"a. 次等的, 较差的, 下方的, 下级的
n. 部下, 次品, 下标(符号)"
gum,3,"n. 树胶, 橡皮, 橡皮糖, 牙床, 老天
vt. 涂以树胶, 用胶粘, 使有粘性
vi. 分泌树胶, 发粘"
amateur,3,"n. 业余爱好者, 外行, 爱好者
[电] 业余家"
entrance,3,"n. 入口, 进入点, 入场, 入学, 进入, 开始(阶段), 就任
vt. 使出神, 使入迷
[计] 入口"
diligence,3,n. 勤奋
contradictory,3,"a. 反驳的, 反对的, 抗辩的
n. 矛盾因素, 对立物"
superficial,3,"n. 表面, 外表
a. 表面的, 肤浅的, 面积的"
adopt,3,"vt. 采用, 正式通过, 收养, 接受
[医] 采取"
passionate,3,"a. 热情的, 热烈的, 易怒的, 热恋的"
witness,3,"n. 证人, 目击者, 证据, 证词
vt. 目击, 作证, 证明, 表明
vi. 作证人, 作为证据"
swine,3,"n. 猪, 卑鄙的家伙"
awkward,3,"a. 笨拙的, 棘手的"
plausible,3,"a. 貌似真实的, 貌似合理的, 说得煞有其事的
[法] 花言巧语的, 似乎有理的"
partial,3,"a. 部分的, 偏袒的, 偏爱的
n. 分音"
panic,3,"n. 恐慌, 惊慌
a. 惊慌的, 没有理由的, 恐慌的
vt. 使惊慌, 使狂热
vi. 惊慌"
counterbalance,3,"vt. 使平均, 使平衡, 使弥补
n. 平衡量, 平衡力, 势均力敌"
civil,3,"a. 市民的, 公民的, 有礼貌的
[法] 公民的, 国民的, 民用的"
admire,3,"vt. 赞美, 钦佩, 爱慕
vi. 称赞, 惊奇"
encounter,3,"n. 相会, 相遇, 遭遇
vt. 遇见, 邂逅, 会战
vi. 偶然相遇"
grateful,3,"a. 感谢的, 感激的, 令人快意的, 受欢迎的"
forge,3,"n. 熔炉, 铁工厂
vt. 打制, 锻造, 伪造
vi. 锻造, 伪造"
legacy,3,"n. 祖先传下来之物, 遗赠物
[经] 遗产, 遗赠物"
coincidence,3,"n. 巧合, 同时发生
[电] 符合计数器"
crest,3,"n. 冠, 饰毛, 头盔的顶部
vi. 到达绝顶
vt. 加以顶饰"
adapt,3,"vt. 使适应, 改编
vi. 适应"
humble,3,"a. 低下的, 谦逊的, 粗陋的
vt. 使...卑下, 降低...地位, 贬抑"
fierce,3,"a. 凶猛的, 猛烈的, 热烈的, 暴躁的"
resume,3,"vt. 重新开始, 取回, 恢复
vi. 再开始
n. 摘要, 个人简历
[计] 继续执行"
trustworthy,3,"a. 可信赖的
[法] 可信任的, 可靠的, 可信赖的"
bulk,3,"n. 大小, 体积, 大块, 大多数
vt. 显得大, 显得重要"
grain,3,"n. 谷粒, 颗粒, 谷类, 纹理, 本质
v. (使)成谷粒"
relaxation,3,"n. 松弛, 放松, 减轻, 缓和, 休息, 休养
[化] 松弛; 驰豫"
transaction,3,"n. 交易, 办理, 学报, 和解协议
[计] 事务处理"
momentum,3,"n. 动力, 动量
[化] 动量"
rival,3,"n. 对手, 竞争者
a. 竞争的"
supervise,3,"v. 监督, 管理, 指导"
quest,3,"n. 探索, 寻求, 调查
v. 寻找, 找, 追寻猎物"
vain,3,"a. 无价值的, 徒然的, 空虚的, 自负的, 愚蠢的"
prolong,3,"vt. 延长, 拖延, 拖长
[化] 冷凝管"
microscope,3,"n. 显微镜
[化] 显微镜"
vaccine,3,"n. 牛痘苗, 疫苗
a. 疫苗的, 牛痘的"
guarantee,3,"n. 担保, 抵押品, 保证书
vt. 保证, 担保"
subscribe,3,"vt. 捐献, 签署
vi. 赞成, 同意, 捐款, 预订, 认购
[计] 订阅"
endure,3,"vt. 忍受, 忍耐, 容忍, 耐
vi. (正式)持久, 持续
[计] 仍能工作, 继续工作"
plane,3,"n. 平面, 扁平物, 机翼, 飞机, 水准, 地位
a. 平的, 平面的
vt. 将...刨平, 刨平, 掠过水面
vi. 翱翔, 乘飞机旅行, 刨掉"
ancestry,3,"n. 祖先, 世系, 名门出身"
chronic,3,"a. 慢性的, 习惯性的
n. 慢性病患者"
dose,3,"n. 剂量, 服用量
vt. 给药, (用药)医治
vi. 服药"
glance,3,"n. 一瞥, 闪光, 掠过, 辉矿类
vi. 扫视, 闪光, 掠过, 提到, 略说
vt. 扫视, 反射, 使掠过"
deliberate,3,"a. 深思熟虑的, 故意的, 从容的
v. 仔细考虑"
illusory,3,"a. 产生幻觉的, 幻影的, 错觉的
[法] 因错觉产生的, 虚幻的"
stream,3,"n. 水流, 小河, 流出, 趋势, 人潮
vt. 流出, 流动, 展开
vi. 流, 涌, 飘扬
[计] 流"
peer,3,"n. 同等的人, 匹敌, 贵族
vi. 凝视, 窥视, 费力地看, 隐现
vt. 与...同等, 封为贵族"
poll,3,"n. 投票, 民意测验, 选举投票, 投票数, 一组人中的一个, 头颈和后脑部, 鹦鹉
vt. 对...进行民意测验, 获得...票, 剪树枝, 轮询
vi. 投票
a. 剪过毛的, 修过枝的
[计] 轮询"
fabric,3,"n. 织物, 布, 结构, 构造, 建筑物
[经] 组织, 建筑物, 工厂"
retiring,3,"a. 行将隐退的, 行将退休的, 就寝的"
confirm,3,"vt. 证实, 确定, 批准, 使巩固
[计] 确认"
lasting,3,"a. 永久的, 永恒的, 持久的
n. 厚实斜纹织物"
pan,3,"n. 平锅, 浅盘, 盆地, 硬土层, 拍摄全景
v. 上下左右移动, 摇镜头, 淘洗, 淘金"
acute,3,"a. 尖锐的, 敏锐的, 激烈的, 严重的, 急性的
[医] 急性的; 尖锐的"
detached,3,"a. 超然的, 分离的, 冷淡的
[法] 分遣的, 派遣的, 分离的"
standstill,3,"n. 停止, 停顿
[医] 停顿"
sentiment,3,"n. 感情, 感伤, 情操, 情绪, 感想, 意见
[医] 情感, 情操"
frequent,3,"a. 时常发生的, 频繁的, 快速的
vt. 时常来访, 常常聚集, 常与...交往"
ritual,3,"n. 仪式, 典礼, 宗教仪式
a. 仪式的, 依仪式进行的"
convey,3,"vt. 传达, 运输, 转让
[经] 转让(财产等), 搬运"
extinction,3,"n. 消失, 消灭, 废止
[化] 消光; 熄灭"
subsidy,3,"n. 补助金, 津贴
[经] 补助金, 津贴, 补贴"
intimate,3,"a. 亲密的, 私人的, 秘密的
vt. 暗示, 通知, 告诉
n. 至交"
wage,3,"n. 工资, 报应, 报偿
vt. 开展, 进行
vi. 进行"
slot,3,"n. 水沟, 细长孔, 硬币投币口, 缝, 狭槽, 狭通道, 位置, 一档(广播节目等)
vt. 开槽于, 把...纳入机构
[计] 槽; 存储槽"
governance,3,"n. 统治, 统辖, 管理
[法] 统治, 管理, 支配"
passive,3,"a. 消极的, 被动的, 冷漠的, 顺从的, 无源的
[医] 被动的"
liberated,3,"a. 解放的, 自由的"
pharmaceutical,3,"a. 药学的, 制药的, 药用的, 药物的, 药剂师的, 药师的
n. 药品, 成药, 药剂"
defense,3,"n. 防卫, 防卫物
[医] 防御"
slice,3,"n. 薄的切片, 一部分, 菜刀
vt. 切成薄片, 切下
vi. 切
[计] 片"
prudent,3,"a. 审慎的, 三思而后行的, 精明的, 节俭的"
paralysis,3,"n. 麻痹, 停顿, 瘫痪
[医] 麻痹, 瘫痪"
formula,3,"n. 客套语, 公式, 准则
[计] 公式"
applicable,3,"a. 合适的, 可应用的
[法] 适用的, 适应的"
upright,3,"a. 正直的, 诚实的, 公正的, 垂直的, 竖式的
[化] 立杆"
emergency,3,"n. 紧急状况, 紧急事件, 紧急需要
[化] 紧急情况"
deficiency,3,"n. 缺乏, 不足
[医] 缺乏, 不足"
maintenance,3,"n. 维护, 保持, 维修, 生活费用, 坚持, 扶养
[计] 维护; 维修"
impressed,3,a. 外加的；印象深刻的；了不起的；受感动的
helmet,3,"n. 钢盔, 盔, 防护帽
vt. 给...戴头盔"
scheme,3,"n. 方案, 计划, 组合, 系统, 图解, 诡计, 阴谋
v. 计划, 设计, 图谋, 策划
[计] Scheme 程序设计语言"
disaster,3,"n. 灾祸, 不幸, 彻底失败"
cooperate,3,"vi. 合作, 协力, 配合
[化] 合作"
assumption,3,"n. 假定, 自负, 担任, 假装
[经] 假定, 承担"
impulse,3,"n. 冲动, 驱使, 刺激, 推动, 冲力, 建议, 脉冲
vt. 推动"
critic,3,"n. 批评家, 鉴定家"
associate,3,"n. 同伴, 伙伴, 关联的事物
vt. 使联合, 使发生联系
vi. 交往
[计] 关联"
resort,3,"n. 度假胜地, 手段, 凭借, 常去之地
vi. 诉诸, 常去"
impulsive,3,"a. 冲动的, 受感情驱使的, 任性的
[医] 冲动的"
accessible,3,"a. 易接近的, 可进入的, 可使用的, 易受影响的, 可理解的"
anonymity,3,"n. 匿名, 姓氏不明
[计] 匿名信件"
fertile,3,"a. 可繁殖的, 肥沃的, 生产多的
[医] 能生育的"
guy,3,"n. 家伙, 支索
vt. 用支索撑住, 取笑, 嘲弄
vi. 逃跑"
green,3,"n. 绿色, 绿色颜料
a. 绿色的, 未成熟的, 新鲜的, 青春的, 无经验的, 脸色发青的"
retreat,3,"n. 休息寓所, 撤退, 隐居, 退避
vi. 撤退, 隐退, 向后倾
vt. 退(棋)"
relieved,3,"a. 宽慰的, 解除的, 减轻的"
suppress,3,"vt. 镇压, 使止住, 禁止, 抑制, 查禁
[法] 镇压, 平定, 禁止出版"
embrace,3,"n. 拥抱
vt. 拥抱, 互相拥抱, 包含, 收买
vi. 拥抱"
revealing,3,"a. 暴露的, 显露的, 揭露的"
exclusive,3,"a. 排外的, 独占的, 唯一的
[计] 独占的"
conceive,3,"vt. 构思, 认为
vi. 怀孕"
neutral,3,"n. 中立者, 中立国, 非彩色, 空档
a. 中立的, 中性的, 无色的"
abundant,3,"a. 丰富的, 充分的, 大量的"
replacement,3,"n. 归还, 更换, 代替者
[医] 复位, 置换"
assured,3,"a. 确定的, 自信的
[经] 被保险人, 被保证者, 投保人"
distinguished,3,"a. 卓著的, 著名的"
spacious,3,"a. 广大的, 宽广的"
underlying,3,"a. 在下面的
[经] 优先的, 基础的, 放在下面的"
lump,3,"n. 块, 瘤, 很多, 肿块, 笨人
vt. 使成块状, 混在一起
vi. 结块"
abundance,3,"n. 丰富, 充足, 大量
[经] 丰富, 充裕"
ambiguous,3,"a. 不明确的, 模棱两可的
[法] 意思含糊的, 模棱两可的, 暧昧的"
irony,3,"n. 反语, 讽刺, 具有讽刺意味的事"
speculate,3,"vi. 深思, 推测, 投机
[经] 投机"
substitute,3,"n. 代理, 代理人, 代用品, 代替者, 代替物
vt. 代替
vi. 替代, 取代, 代用
a. 代替的, 代用的, 代用品的
[计] 置换; 替代"
august,3,"n. 八月
a. 威严的, 令人敬畏的"
component,3,"n. 元件, 组件, 成分
a. 组成的, 构成的
[计] 组件"
inborn,3,a. 天生的；先天的
implication,3,"n. 牵连, 含义, 暗示
[法] 推断, 含蓄之意, 暗示"
qualified,3,"a. 有资格的
[经] 合格的, 有条件的, 有限制的"
emission,3,"n. 发射, 射出, 发行
[医] 发射, 遗精"
settle,3,"n. 有背长椅
vt. 决定, 整理, 安放, 使定居, 使平静, 支付, 安排, 解决, 结算
vi. 停留, 下陷, 沉淀, 澄清, 安下心来, 结清, 定居, 安家"
colony,3,"n. 殖民地, 移民队
[医] 菌(集)落, 菌丛; 移民区"
indefinite,3,"a. 模糊的, 不确定的, 无限的
[法] 不确定的, 无限制的"
exploration,3,"n. 探险, 踏勘, 探测
[医] 探察"
adolescent,3,"a. 青春期的, 青少年的
n. 青少年"
modify,3,"vt. 修正, 变更, 修饰, 缓和, 减轻
vi. 被修改
[计] 修改"
fault,3,"n. 过错, 故障, 毛病
vt. 挑剔
vi. 产生断层, 弄错
[计] 故障"
haven,3,"n. 港, 避难所, 安息所
vt. 安置...于港中, 庇护, 入港"
exert,3,"vt. 发挥, 运用, 施以影响
[法] 施加, 产生, 行使"
reserve,3,"n. 储备品, 贮量, 后备军, 自然保护区, 保留, 拘谨, 节制, 储备金
vt. 保留, 保存, 预订, 延期, 推迟"
relate,3,"vt. 讲, 叙述, 使互相关联
vi. 有关, 符合, 相处得好"
constitute,3,"vt. 构成, 组成, 任命
[建] 构造, 组成"
retain,3,"vt. 保持, 保有, 留住, 记得, 付定金聘请
[经] 保留, 留存"
hemisphere,3,"n. 半球, 地球的半面, 大脑半球
[医] 半球"
fragile,3,"a. 易碎的, 脆的
[医] 脆弱的, 脆的"
vehicle,3,"n. 交通工具, 车辆, 传播媒介
[化] 载体; 运载体; 漆料"
obtainable,3,a. 能得到的
duration,3,"n. 持续时间, 持续
[计] 持续时间"
possessed,3,"a. 中邪魔的, 被妖魔缠住的"
bargain,3,"n. 交易, 买卖协定, 特价商品
v. 讲价, 交易"
withdraw,3,"vt. 撤回, 取回, 撤消, 使撤退, 拉开, 移开
vi. 撤退, 离开"
nurture,3,"n. 养育, 营养物, 培育
vt. 养育, 供给营养物, 教养"
bid,3,"n. 出价
v. 命令, 吩咐, 请求, 表示, 宣布, 投标"
construct,3,"vt. 构造, 建造, 对...进行构思, 作图
n. 构成物"
ignorant,3,"a. 无知识的, 不知道的, 由无知产生的
[法] 无知的, 愚昧的, 不知情的"
indignation,3,"n. 愤怒, 愤慨, 义愤"
emerge,3,"vi. 浮现, 形成, 出现, (事实)显露"
greenhouse,3,n. 温室
metropolitan,3,"n. 大都市居民, 都主教, 宗主国的公民
a. 大都市的, 都主教区的, 宗主国的"
committed,3,"a. 献身于某种事业的
[计] 委托的"
conspicuous,3,"a. 显著的, 显眼的, 出众的"
hail,2,"n. 冰雹, 致敬, 欢呼, 招呼
vt. 向...欢呼, 致敬, 招呼, 使象下雹样落下
vi. 招呼, 下雹
interj. 万岁, 欢迎"
superiority,2,"n. 优越, 高傲
[化] 优越性"
bust,2,"n. 半身像, 胸部, 失败, 殴打
vt. 使爆裂, 使破产
vi. 爆裂, 破产
[计] 操作错"
silt,2,"n. 淤泥
vt. 使淤塞
vi. 淤塞"
manifesto,2,"n. 宣言, 声明"
myth,2,"n. 神话, 虚构的事, 虚构的人"
schism,2,"n. 分裂, 分立, 分裂教会罪
[法] 分裂, 分裂宗教罪, 宗派"
conclusive,2,"a. 决定性的, 确定性的, 最后的
[法] 决定性的, 不容置疑的, 确实的"
mold,2,"n. 模子, 模型, 霉
v. 形成, 塑造, 发霉"
appetite,2,"n. 食欲, 欲望, 爱好
[医] 食欲"
fascination,2,"n. 令人着迷的事物, 入迷, 魅力"
comprehend,2,"vt. 理解, 包括"
reflection,2,"n. 反映, 沉思, 映像, 想法, 责难
[计] 反射"
exclude,2,"vt. 除外, 排除, 排斥
[医] 除外(诊断)"
prime,2,"n. 最佳部分, 初期, 全盛期
a. 主要的, 最初的, 根本的
v. 加油启动, 灌注, 填装"
enlightened,2,"a. 有知识的, 进步的, 文明的"
impartial,2,"a. 公平的, 不偏不倚的
[法] 公正无私的, 不偏袒的, 公平的"
devoted,2,"a. 投入的, 深爱的"
outlet,2,"n. 出口, 发泄方法, 市场
[医] 出口"
navigate,2,"vi. 航行
vt. 航行于, 驾驶, 操纵, 使通过"
manifestation,2,"n. 显示, 证明, 示威运动
[医] 表现, 表示"
addiction,2,"n. 入迷, 瘾
[医] 瘾, 癖嗜"
terminology,2,"n. 术语, 术语学
[医] 名词学, 命名法"
prompting,2,"n. 刺激, 激励, 提示
[计] 提示; 提醒"
proposition,2,"n. 建议, 命题, 主张
vt. 向...提议, 向...提出猥亵的要求"
drain,2,"n. 排水沟, 消耗, 排水
vt. 排出, 喝光, 耗尽
vi. 排水, 流干"
loyal,2,"a. 忠诚的, 忠实的, 忠贞的"
reign,2,"v. 为王，为君；当政；统治
n. 为王，为君；当政；统治"
guarded,2,"a. 被防护着的, 被监视着的, 警戒着的"
landmark,2,"n. 陆标, 划时代的事, 地界标
[医] 界标"
aeronautics,2,"n. 航空学, 飞行术
[机] 航空学"
lottery,2,"n. 奖券, 彩票, 运气
[经] 抽彩给奖法"
dome,2,"n. 圆顶
vt. 加圆顶
vi. 成圆顶状"
stationary,2,"a. 不动的, 静止的, 不变的, 固定的, 停留的
[计] 定常, 定态, 固定的"
span,2,"n. 指距, 全长, 跨距, 一段时间, 小范围
vt. 以手指测量, 跨越, 架设, 持续"
ingredient,2,"n. 成分, 因素
[化] 配合剂; 拼料; 成分; 组分"
buck,2,"n. 元, 雄鹿, 纨绔子弟, 鞍马, 培克(赌博时的庄家标志), 碱水, 自夸, 谈话
vi. 马背突然拱起, 反对, 吹牛, 闲聊
vt. 马背突然拱起将骑手摔下, 反对, 用碱水洗
a. 雄的"
charity,2,"n. 慈悲, 博爱, 慈善团体, 施舍
[法] 宽大, 宽恕, 慈善机关"
assert,2,"vt. 主张, 坚称, 断言
[法] 宣称, 断言, 维护"
provisions,2,"n. 存粮, 给养, 口粮, 食物, 粮食
[经] 食品, 粮食"
prompt,2,"n. 激励, 提示, 提醒物, 提词, 付款期限
a. 迅速的, 敏捷的, 立刻的, 提词员的
vt. 激励, 鼓动, 提示
adv. 准时地
[计] 提示符; DOS内部命令:设定DOS命令行的提示符"
occupation,2,"n. 职业, 占有, 占有期, 占领, 占领军
[经] 占有, 占用, 职业"
mate,2,"n. 配偶, 对手, 助手, (象棋)将死
vt. 使配对, 使一致, 结伴, (象棋)将死
vi. 成配偶, 紧密配合"
mortality,2,"n. 必死的命运, 死亡数目, 死亡率
[医] 必死性, 死亡率"
withdrawn,2,withdraw的过去分词
attribute,2,"n. 属性, 标志, 定语
vt. 把...归于, 认为...属于
[计] 属性"
zenith,2,n. 顶点；最高点；顶峰
fold,2,"n. 折层, 折, 羊栏, 折痕, 信徒
vt. 折叠, 包, 合拢, 交迭
vi. 折叠起来, 彻底失败
[计] 折叠; 合并"
supplement,2,"n. 补充物, 增刊, 补充, 补遗, 补编, 附录, 补角
vt. 补充, 增补"
thorny,2,"a. 多刺的, 令人苦恼的"
epoch,2,"n. 新纪元, 时代, 时期"
millennium,2,"n. 千禧年, 一千年"
horizon,2,"n. 地平线, 眼界, (天)视地平"
innocence,2,"n. 无罪, 无知, 天真无邪
[法] 无罪, 无罪的人, 清白无辜者"
cooperative,2,a. 合作的；合作社的
trek,2,"vi. 牛拉货车, 艰苦跋涉
n. 牛车旅行, 艰苦跋涉"
acquaintance,2,"n. 认识, 相识者"
perpetual,2,"a. 永久的, 不断的, 无期限的, 没完没了的, 四季开花的
[经] 永远的, 终身的, 持续的"
doctrine,2,"n. 教条, 学说
[医] 学说"
distinct,2,"a. 清楚的, 显著的, 不同的"
profile,2,"n. 侧面, 轮廓, 传略
vt. 描绘...轮廓, 写...的传略
[计] 提问档; 剖面图法; 剖面法"
lateral,2,"n. 侧部, 支线, 边音
a. 侧面的, 旁边的"
detrimental,2,a. 有害的
beneficial,2,"a. 有益的, 受益的
[经] 有使用权的, 可享利益的"
segment,2,"n. 片段, 部分, 分节, 段
v. 分割, 分裂
[计] 段"
indicative,2,"a. 指示的, 象征的, 表示...的
[经] 指标的"
synthetic,2,"n. 合成物质
a. 综合(性)的, 人造的, 合成的"
tackle,2,"n. 工具, 复滑车, 滑车, 装备, 扭倒
vt. 固定, 处理, 抓住
vi. 扭倒"
furnace,2,"n. 火炉, 熔炉, 考验
vt. 在炉中烧"
fallacy,2,"n. 错误的观念(或信念), 谬见, 谬论
[医] 错觉, 幻觉, 虚妄"
opponent,2,"n. 对手, 敌手, 反对者
a. 敌对的, 反对的, 对面的"
proclaim,2,"vt. 宣布, 公告, 宣言, 表明, 赞扬
[法] 宣布, 宣告, 公布"
certainty,2,"n. 确定, 确实的事情
[法] 确定, 肯定, 必然的事"
conformity,2,"n. 遵照, 适合, 一致, 相似
[计] 符合度"
distracted,2,a. 心烦意乱的
lag,2,"n. 落后, 囚犯, 迟延, 桶板, 防护套
a. 最后的
vi. 落后, 蹒跚, 缓缓而行, 滞后
vt. 落后于, 押往监狱, 加上外套
[计] 延迟; 落后"
gravity,2,"n. 地心引力, 重力
[化] 重力"
extinguish,2,"vt. 熄灭, 使消亡, 压制, 使减色
[医] 消灭"
preface,2,"n. 序, 绪言, 前言
vi. 作序, 写前言
vt. 给...作序, 以...开始"
maturity,2,"n. 成熟, 完备, 到期
[医] 成熟, 成熟期, 发育期"
dormant,2,"a. 睡眠状态的, 静止的
[医] 休眠的, 不活动的, 休止的"
pessimism,2,"n. 悲观, 悲观情绪, 悲观主义
[医] 悲观主义"
plunge,2,"n. 钻进, 跳进, 跳水, 跳水池, 猛跌, 落下, 投入, 开始从事, 盲目投资
vi. 投入, 投身于, 跳进, 陷入, 下降
vt. 使投入, 使插入, 使陷入, 使遭受"
undesirable,2,"a. 不受欢迎的, 不合乎社会道德标准的
[法] 不受欢迎的人, 不良份子, 不法份子"
activate,2,"vt. 使活动, 使激活, 正式建成
vi. 有活力"
censor,2,"n. 检查员
vt. 检查, 审查, 删改"
saturated,2,"a. 饱和的, 渗透的
[医] 饱和的"
hitherto,2,"adv. 迄今, 至今"
chip,2,"n. 屑片, 薄片, 碎片
vt. 削, 切, 削成碎片, 使摔倒, 凿
vi. 削下屑片
[计] 孔屑; 组件; 晶片; 芯片"
spiritual,2,"a. 精神上的, 神圣的, 崇高的, 高尚的, 鬼的, 招魂术的
n. 有关教会的事"
mill,2,"n. 压榨机, 磨坊, 制造厂
vt. 碾磨, 磨细, 搅拌, 使乱转
vi. 乱转, 被碾磨"
heading,2,"n. 标题, 起始字, 方向
[计] 上标题"
compromise,2,"n. 妥协, 折中, 折中方案, 和解
vi. 妥协处理
vt. 危害"
gloomy,2,"a. 抑沉的, 忧闷的, 黑暗的, 悲观的"
analogy,2,"n. 相似, 类似
[计] 模拟"
apology,2,"n. 道歉, 辩护
[法] 道歉, 谢罪, 辩解者"
genetics,2,"n. 遗传学
[化] 遗传学"
instructive,2,"a. 有益的, 增进知识的"
trait,2,"n. 特征, 特性, 一笔, 少许"
dominate,2,"v. 支配, 占优势"
corrupt,2,"a. 腐败的, 贪污的, 讹误充斥的
vt. 使腐烂, 腐蚀, 使恶化
vi. 腐烂, 堕落"
mania,2,"n. 狂躁, 热衷, 狂热
[医] 躁狂, 狂"
cute,2,"a. 可爱的, 聪明的, 伶俐的
[医] 品他病"
luxury,2,"n. 奢侈, 豪华
a. 奢侈的, 豪华的"
egalitarian,2,"a. 平等主义的
n. 平等主义"
viable,2,"a. 能养活的, 能生长发育的
[医] 有活力的, 有生机的"
resentment,2,"n. 怨恨, 愤恨"
wit,2,"n. 机智, 智力, 头脑, 理智, 妙语, 机智的人"
setback,2,"n. 挫折, 退步, 逆流"
attentive,2,"a. 注意的, 留心的"
nice,2,"a. 美好的, 和蔼的, 正派的, 做得好的, 精密的, 细微的, 挑剔的, 谨慎的"
lobby,2,"n. 大厅, 休息室, 游说议员者
vi. 游说议员, 游说
vt. 游说"
classification,2,"n. 分类, 分级
[化] 分级; 分粒; 分类"
permissive,2,"a. 许可的, 获准的, 宽容的, 放任的, 放纵的, 允许选择的, 自由的
[法] 表示许可的, 随意的, 纵容的"
flexible,2,"a. 易曲的, 灵活的, 柔顺的, 能变形的, 可通融的
[医] 能屈的"
aspect,2,"n. 外观, 方面, 面貌, 方向
[医] 方面, 局面; 外观"
grant,2,"n. 授予, 授予物, 允许
vt. 允许, 承认, 授与
[计] 授权命令"
accomplished,2,"a. 完成的, 实现的, 有造诣的, 熟练的, 善社交的"
constitution,2,"n. 构成, 宪法, 体格
[医] 体质; 结构, 组织"
predictable,2,a. 可预言的
anonymous,2,"a. 姓氏不详的, 无名的, 无特色的
[计] 无记录"
compulsive,2,"a. 强制的, 强迫的
[医] 强迫性的"
array,2,"n. 排列, 衣服, 大批, 军队
vt. 布署, 打扮, 排列
[计] 数组; 阵列"
appoint,2,"vt. 任命, 指定, 下令
[法] 派, 派任, 任命"
suspicion,2,"n. 怀疑, 觉察, 嫌疑
[法] 怀疑, 疑心, 嫌疑"
lounge,2,"n. 闲逛, 休闲室, 长沙发
vi. 闲混, (懒洋洋地)躺
vt. 闲混"
harmony,2,"n. 协调, 和睦, 调和
[电] 和声学"
fishery,2,"n. 渔业
[法] 捕鱼, 捕鱼权"
marine,2,"n. 舰队, 水兵, 海景画
a. 海的, 海产的, 海底的, 船舶的, 海运的"
weird,2,"a. 怪异的, 超自然的, 不可思议的
n. 命运, 预言, 符咒"
barn,2,"n. 谷仓
[化] 靶(恩)(核反应截面单位)"
indices,2,"pl. 索引, 指针, 指数, 指标"
unprecedented,2,"a. 空前的
[经] 空前的, 无前例的"
knowledgeable,2,"a. 聪明的, 有知识的"
negligible,2,"a. 可以忽略的, 不足取的, 无用的
[医] 可不计的, 可忽视的"
dismiss,2,"vt. 解散, 开除, 解职
vi. 解散
[计] 解散"
plagiarize,2,"v. 剽窃, 抄袭"
grounded,2,a. [物]接地的；有基础的
reliance,2,"n. 信任, 信赖, 受信赖的人(或事)
[法] 信任, 信赖, 信心"
naive,2,"a. 天真的, 纯真的, 幼稚的"
render,2,"vt. 回报, 给于, 付给, 汇报, 提出, 舍弃, 反映, 表示, 表演, 致使, 执行, 实施
vi. 给予补偿
n. 交纳, 打底"
authentic,2,"a. 可靠的, 可信的, 真正的
[法] 被认证的, 确认的, 可信的"
toll,2,"n. 通行费, 代价, 钟声
vt. 征收, 敲钟, 鸣钟, 勾引, 引诱
vi. 征税, 鸣钟"
asset,2,"n. 资产, 有益的东西"
intricate,2,"a. 复杂的, 错综的, 缠结的, 难懂的"
agenda,2,"pl. 议程, 日常工作事项
[计] 待议事件"
feeble,2,"a. 微弱的, 衰弱的, 无效的
[医] 无力的, 衰弱的"
compliance,2,"n. 遵从, 顺从, 屈从
[化] 柔顺; 顺应"
magnificent,2,"a. 华丽的, 高尚的, 宏伟的"
posture,2,"n. 姿势, 态度, 情形, 形势
vt. 作...的姿势
vi. 作姿势"
motivate,2,"vt. 给与动机, 刺激, 提高...的学习欲望, 促动
[经] 促动, 激发, 激励"
unfounded,2,"a. 没有事实根据的, 没有理由的, 虚幻的, 未建立的
[法] 无根据的, 无稽的, 没有理的"
pilot,2,"n. 飞行员, 领航员, 航船者, 导向器, 驾驶仪, 向导, 领导人
vt. 领航, 驾驶, 引导, 试用
a. 引导的, 控制的, 试点的
[计] 引导"
converge,2,"vi. 聚合, 集中于一点
vt. 使集合"
drove,2,"n. 畜群
drive的过去式"
inclination,2,"n. 倾向, 趋向, 倾斜度, 点头
[化] 倾角"
mortgage,2,"n. 抵押, 约束性义务, 抵押借款
vt. 抵押, 以...作担保, 把...许给"
piano,2,n. 钢琴
functional,2,"a. 功能的
[医] 机能的, 功能的, 官能的"
clarity,2,"n. 清楚, 明晰
[化] 透明度; 透明性; 清晰性"
shed,2,"n. 车棚, 小屋, 脱落之物, 分水岭
vt. 使流出, 放射, 脱落, 散发, 摆脱
vi. 流出, 散布, 脱落"
circulation,2,"n. 流通, 循环, 发行量
[化] 环流"
stimulus,2,"n. 刺激, 激励, 刺激品
[医] 刺激特, 刺激"
literate,2,"n. 学者
a. 有读写能力的, 精通文学的, 受过教育的"
alteration,2,"n. 变更, 改动
[医] 变更"
correspondent,2,"n. 通讯记者, 通信者
[经] 客户, 代理商行, 代理银行"
dictate,2,"vi. 听写, 口述, 口授
vt. 口述, 使听写, 命令
n. 命令, 指挥, 指令"
specialized,2,"a. 专门的, 特别的, 专科的, 特化的, 专化的
[计] 专业化的"
bureaucracy,2,"n. 官僚, 官吏
[法] 官僚主义, 官僚政治, 官僚机构"
charter,2,"n. 特许状, 执照, 宪章
vt. 特许, 发给特许执照"
genome,2,"[化] 基因组
[医] 染色体组"
tangible,2,"n. 可触知的东西, 有形资产
a. 可触摸的, 有实体的, 非相像的, 有形的, 明确的"
elaborate,2,"a. 精细的, 详尽的, 精心计划(或制作)的
vt. 详细地说明, 用心地制作, 发挥
vi. 变复杂, 作详细说明"
outset,2,"n. 着手, 开头, 最初"
absurd,2,"a. 荒谬的, 不合理的, 可笑的
n. 荒诞"
slack,2,"n. 松弛, 松懈, 淡季, 闲散, 家常裤
a. 松弛的, 不流畅的, 疏忽的, 无力的, 呆滞的, 软弱的, 漏水的
adv. 马虎地, 缓慢地
vt. 放松, 使缓慢
vi. 松懈, 减弱, 松弛"
spoil,2,"n. 战利品, 赃物, 奖品, 变质, 次品
vt. 损坏, 破坏, 溺爱
vi. 腐坏, 掠夺"
candidate,2,"n. 候选人, 投考者
[法] 候选, 候补者"
faculty,2,"n. 才能, 能力, 全体教员, (大学的)系
[医] 能力, [大学]院系"
goodwill,2,"n. 友好, 好意, 善意, 亲善, (企业享有的)信誉, 声誉
[经] (企业的)商誉, 信誉"
wilt,2,"v. (使)枯萎, (使)衰弱, (使)畏缩
n. 枯萎, 衰弱, 憔悴"
prescription,2,"n. 处方, 命令, 指定
[医] 处方, 药方"
trivial,2,"a. 琐碎的, 不重要的, 轻微的, 平常的"
assuage,2,"vt. 平息, 缓和, 减轻"
mannered,2,"a. 守规矩的, 矫饰的"
temptation,2,"n. 诱惑, 诱惑物
[法] 诱惑, 诱惑物"
trigger,2,"n. 触发器, 扳机
vt. 触发, 发射, 引起
vi. 松开扳柄
[计] 切换开关"
susceptible,2,"a. 易受影响的, 易感动的, 容许...的
[法] 易感的, 易受影响的, 容许"
transform,2,"vt. 使转换, 改变, 改造, 使...变形
vi. 改变, 转化, 变换
[计] 变换"
curriculum,2,"n. 课程
[医] 课程, 学程"
coax,2,"vt. 哄, 诱骗, 耐心地摆弄
vi. 哄骗
[计] 同轴电缆"
coalition,2,"n. 结合体, 结合, 联合
[经] 联合, 联盟"
temper,2,"n. (钢等的)硬度, 脾气, 心情, 中和剂, 倾向, 回火
vt. 使回火, 锻炼, 调和, 使缓和
vi. 回火"
rhetoric,2,"n. 修辞, 修辞学, 雄辩(术)"
reinforce,2,"vt. 加强, 增援, 补充
vi. 求援, 得到增援
n. 加固材料"
obsessed,2,a. 着迷的；无法摆脱的
crown,2,"n. 王冠, 王权, 顶点
vt. 使成王, 加冕, 居...之顶"
distinctive,2,"a. 有特色的, 出众的"
constrain,2,"vt. 强迫, 限制, 关押"
suspect,2,"n. 被怀疑者, 嫌疑犯
a. 令人怀疑的, 不可信的, 可疑的
v. 怀疑, 猜想"
illiterate,2,"n. 文盲
a. 目不识丁的, 没受教育的"
hazard,2,"n. 冒险, 危险, 机会
vt. 冒...的危险, 赌运气, 使冒危险
[计] 相关危险; 冒险"
bubble,2,"n. 泡沫
vi. 冒泡, 沸腾
vt. 使冒泡, 滔滔不绝地说"
veteran,2,"n. 老手, 退伍军人, 老兵, 老树
a. 老兵的, 老练的, 经验丰富的"
annoy,2,"vt. 使恼怒, 骚扰"
prehistoric,2,"a. 历史以前的, 史前的"
dynamic,2,"a. 动态的, 有活力的, 有力的, 动力的, 不断变化的
n. 动力, 动态
[计] 动态的"
compliment,2,"n. 称赞, 恭维, 敬意
vt. 称赞, 褒扬, 恭维"
dilemma,2,"n. 困境, (进退两难的)窘境"
ingenuity,2,"n. 心灵手巧, 精巧, 精巧设计"
strive,2,"vi. 努力, 奋斗, 斗争"
broker,2,"n. 掮客, 经纪人
[经] 经纪人, 掮客"
exaggeration,2,"n. 夸张, 夸大的事物, 夸大之词"
quote,2,"n. 引用
vt. 引述, 举证, 报(价)
vi. 引用"
licence,2,"n. 执照, 许可证, 特许
vt. 许可, 特许, 认可"
admission,2,"n. 准许进入, 入场费, 录用, 承认
[经] 加入, 入股"
curb,2,"n. 抑制, 勒马绳, 边石
vt. 抑制, 束缚, 勒住"
communal,2,"a. 公有的, 公社的
[法] 公共的, 自治体的, 巴黎公社的"
induce,2,"vt. 引诱, 招致, 归纳出, 感应
[医] 诱导, 感应"
deprivation,2,"n. 剥夺, 剥夺官职, 免职
[医] 丧失, 剥夺, 缺乏"
privilege,2,"n. 特权, 特别恩典, 基本权利, 特免
vt. 给与...特权, 特免"
emit,2,"vt. 发出, 放射, 发表(意见等), 散发, 发行
[化] 放射"
fiscal,2,"a. 财政的, 国库的
[经] 财政上的, 会计的, 国库的"
limb,2,"n. 四肢, 枝干, 翼, 边缘
vt. 切断...之手足"
elitism,2,n. 精英主义
intervention,2,"n. 插入, 介入, 调停
[经] 干预"
criteria,2,"pl. 标准
[计] 条件"
retail,2,"n. 零售
a. 零售的
vt. 零售, 详述, 传播
vi. 零售"
implicit,2,"a. 暗示的, 含蓄的, 固有的, 绝对的
[经] 不讲明的, 含蓄的"
demanding,2,"a. 要求高的, 费力的"
cultivate,2,"vt. 培养, 耕作"
advisory,2,"a. 顾问的, 咨询的, 劝告的
[法] 劝告的, 忠告的, 咨询的"
shell,2,"n. 贝壳, 壳, 外形, 炮弹
vt. 去壳, 脱落, 炮轰
vi. 剥落, 脱壳
[计] 外壳; DOS内部命令:指定命令行处理程序"
fade,2,"vi. 褪色, 消失, 凋谢
vt. 使褪色
n. 淡入, 淡出
a. 平淡的"
insidious,2,"a. 隐伏的, 阴险的, 狡猾的
[医] 隐袭的"
frequency,2,"n. 频率, 频数
[计] 频率"
striking,2,"a. 醒目的, 惊人的, 打击的, 罢工的
[法] 罢工的, 罢市的, 罢课的"
economical,2,"a. 节俭的, 经济的, 合算的
[经] 经济的, 节约的"
subjective,2,"a. 主观的, 个人的
[医] 主观的, 自觉的"
nerve,2,"n. 精神, 勇气, 叶脉, 神经
vt. 鼓起勇气"
destruction,2,"n. 破坏, 毁灭
[医] 破坏"
concrete,2,"n. 凝结物, 混凝土
a. 具体的, 实在的, 混凝土的
v. (使)凝结, 用混凝土浇筑"
headlong,2,"a. 头向前的, 仓猝而用力的, 轻率的
adv. 头向前地, 猛然地, 用力地"
auction,2,"n. 拍卖
vt. 拍卖"
flourish,2,"vi. 繁荣, 茂盛, 活跃, 手舞足蹈
vt. 挥舞, 夸耀
n. 挥舞, 炫耀, 茂盛, 兴旺, 华丽词藻"
consent,2,"n. 同意, 许可
vi. 同意, 赞同"
consolidation,2,"n. 巩固, 团结, 合并, 加强
[医] 实变"
inspiration,2,"n. 灵感, 鼓舞人心的人或物, 妙计, 吸气
[医] 吸[气]"
bourgeois,2,"n. 中产阶级分子, 商人, 资产阶级
a. 中产阶级的, 平庸的
n. 九点活字"
restored,2,a. 精力充沛的；精力恢复的
episode,2,"n. 插曲, 插话, 有趣的事件, 一段情节
[医] 插话, 插曲, 发作"
shove,2,"n. 推, 挤
vt. 推挤, 猛推, 强使
vi. 推"
havoc,2,"n. 大破坏, 蹂躏
vt. 严重破坏"
recruit,2,"n. 新兵, 新手, 新会员, 补给品
vt. 恢复, 补充, 充实, 征募
vi. 征募新兵, 复原, 得到补充"
gamble,2,"n. 赌博, 冒险
v. 赌博, 孤注一掷"
hygiene,2,"n. 卫生保健, 卫生学, 保健法
[医] 卫生, 卫生学"
bypass,2,"n. 旁路
vt. 省略, 绕过, 忽视, 回避"
incompetent,2,"a. 无能力的, 无资格的, 机能不全的, 不胜任的
n. 无能力者"
convert,2,"n. 皈依者, 改变宗教信仰者
vt. 使改变信仰, 转换, 兑换, 倒置
vi. 皈依
[计] 转换"
pressing,2,"a. 紧迫的, 迫切的, 热切的
n. 压, 压榨, 冲压件, 唱片"
immense,2,"a. 极广大的, 无边的, 非常好的"
finite,2,"a. 有限的, 有穷的, 限定的
n. 有限物"
bend,2,"vi. 变弯曲, 屈服
vt. 使弯曲, 使屈服
n. 弯曲"
insatiable,2,"a. 不知足的, 贪求无厌的
[医] 不能满足的, 不饱的"
manipulate,2,"vt. 操纵, 利用, 操作, 巧妙地处理, 假造"
reserved,2,"a. 保留的, 预备的, 预定的, 腼腆的, 不露感情的, 含蓄的, 缄默的, 冷淡的
[法] 用作储备的, 保留的, 预定的"
investigate,2,"v. 调查, 审查"
weary,2,"a. 疲倦的, 萎靡的, 厌倦的, 厌烦的
vt. 使疲倦, 使厌烦
vi. 疲乏, 生厌, 不耐烦"
painstaking,2,"n. 辛苦, 苦心, 工夫
a. 辛苦的, 勤勉的, 小心的"
clinical,2,"a. 临床的, 门诊部的
[医] 临床的, 临证的"
formulate,2,"vt. 用公式表示, 明确叙述, 制订
[机] 公式化, 公式表示"
linguistic,2,"a. 语言的, 语言学的
[计] 语言的, 语言学的"
prevalent,2,"a. 普遍的, 流行的"
theoretical,2,"a. 理论的, 理论上的, 假设的, 推理的
[计] 理论的"
rein,2,"n. 缰绳, 统治, 支配
vt. 驾驭, 以缰绳控制, 控制
vi. 勒住马"
commitment,2,"n. 委托, 交押, 承担义务, 赞助
[医] 院禁"
constitutional,2,"a. 宪法的, 立宪的, 体质的
[医] 全身的; 体质的"
husband,2,"n. 丈夫, 管理人, 节俭的人
vt. 节俭, 使成丈夫, 持有"
tension,2,"n. 紧张, 不安, 拉紧, 张力, 压力, 电压
vt. 拉紧, 使紧张"
earnest,2,"n. 定金, 诚挚, 认真
a. 认真的, 热心的, 重要的"
overlook,2,"vt. 俯瞰, 远眺, 没注意到
n. 眺望, 俯瞰到的景色"
tentative,2,"n. 试验
a. 试验性的, 暂时的"
insufficient,2,"a. 不够的, 不能胜任的, 不充足的
[法] 不足的, 不充分的, 不能胜任的"
organism,2,"n. 生物, 有机体, 社会组织
[医] 生物[体],[有]机体"
desert,2,"n. 沙漠, 应得的赏罚, 功劳
a. 沙漠的, 不毛的
vt. 放弃, 遗弃, 擅离
vi. 逃掉"
occurrence,2,"n. 发生, 事件, 出现
[医] 发生"
proposal,2,"n. 提议, 计划, 求婚
[经] 提案, 申请, 投标"
delinquency,2,"n. 行为不良, 失职
[经] 毁约, 怠工, 旷职"
compulsory,2,"a. 被强制的, 强迫的, 义务的
[经] 强迫的, 强制的"
band,2,"n. 带子, 队, 乐队
v. 联合, 结合
[计] 频带; 波段; 区"
conception,2,"n. 观念, 概念
[医] 妊娠, 受孕; 概念"
mighty,2,"n. 有势力的人
a. 有势力的, 强大的, 有力的
adv. 很, 极"
charm,2,"n. 吸引力, 魔力, 符咒
vt. 迷住, 使陶醉, 行魔法
vi. 用符咒, 有魅力"
petroleum,2,"n. 石油
[化] 石油"
preliminary,2,"n. 初步做法, 初步措施, 预试, 预选赛
a. 初步的, 开始的, 预备的"
inviting,2,"a. 引人动心的, 有魅力的
[法] 诱惑人的, 动人心的"
soak,2,"n. 浸, 湿透, 大雨
vt. 使上下湿透, 浸, 吸入, 吸收, 浸洗掉
vi. 浸泡, 渗透"
ridicule,2,"n. 嘲笑, 愚弄, 笑柄
vt. 嘲笑, 嘲弄, 愚弄"
inconceivable,2,"a. 不能想象的, 想不到的, 难信的"
conjunction,2,"n. 连接词, 联合, 结合
[计] 合取"
fraction,2,"n. 小部分, 破片, 分数
[医] 部分, 成分, 分散"
hasten,2,"vt. 催促, 加紧
vi. 赶快, 急忙"
inclusive,2,"a. 包含的, 包括的"
vertical,2,"a. 垂直的, 直立的
[医] 垂直的, 顶的, 头顶的"
expansion,2,"n. 扩充, 开展, 膨胀
[计] 扩展"
commonwealth,2,n. 共和国；联邦；国民整体
oppressive,2,"a. 压制性的, 压迫的, 沉重的"
inhabit,2,"vt. 居住于, 占据, 栖息"
restraint,2,"n. 抑制, 克制, 束缚
[医] 约束, 拘束"
overstate,2,"vt. 夸大的叙述, 夸张, 过分强调
[经] 多计, 高估"
acquainted,1,a. 知晓的；有知识的；熟识的
expend,1,"vt. 花费, 消耗, 用光"
watershed,1,"n. 流域, 分水岭
[医] 分水界, 分水岭"
default,1,"n. 违约, 不履行责任, 缺席, 默认值
v. 疏怠职责, 缺席, 拖欠, 默认
[计] 默认; 默认值; 缺省值"
arthritis,1,"n. 关节炎
[医] 关节炎"
scrub,1,"n. 用力擦洗, 矮树, 矮人, 渺小之物
vt. 用力擦洗, 擦掉, 摩擦
vi. 擦洗干净, 进行手臂消毒
a. 次等的, 矮小的, 非正规球队的, 临时凑合的"
mandatory,1,"a. 命令的, 托管的
[经] 受托者, 命令者"
sacred,1,"a. 神圣的, 献给上帝的, 庄严的, 祭祀的
[法] 神圣的, 不可侵犯的"
conform,1,"vt. 使一致, 使遵守, 使符合
vi. 一致, 符合, 适应"
jealousy,1,"n. 妒忌, 猜忌, 羡慕
[法] 妒忌, 嫉妒, 猜忌"
sip,1,"n. 啜饮, 小口喝, 抿
vi. 啜饮
vt. 啜
[计] 单列直插式组件"
companion,1,"n. 朋友, 陪伴, 指南, 升降口围罩
vt. 陪伴"
insistence,1,"n. 坚持, 坚决主张"
damn,1,"n. 一点, 诅咒, 丝毫
interj. 该死, 该死的
vt. 诅咒, 罚...下地狱
vi. 指责, 谴责, 骂...该死, 证明...有罪"
nautical,1,"a. 海上的, 航海的, 船员的"
appease,1,"vt. 抚慰, 缓解, 平息, 姑息
[法] 使和缓, 使满足, 姑息"
interim,1,"a. 暂时的, 临时的, 间歇的
n. 过渡时期"
memento,1,"n. 纪念物, 令人回忆的东西"
therapy,1,"n. 治疗
[医] 疗法, 治疗"
prosecute,1,"vt. 告发, 起诉, 彻底进行, 执行, 从事
vi. 告发, 起诉, 作检察官"
upgrade,1,"n. 上坡, 升级, 上升
adv. 往上
vt. 使升级, 提升, 改良品种
vi. 升级
[计] 升级"
crack,1,"n. 裂缝, 爆裂声
v. (使)爆裂, (使)裂开, (使)发出爆裂声
a. 第一流的
adv. 啪地一声"
designate,1,"vt. 指定, 指明, 称呼
a. 已选出而未上任的"
remodel,1,"vt. 改造, 改型, 改变"
hurdle,1,"n. 障碍, 跳栏, 临时活动篱笆
vt. 用篱笆围, 越过, 克服"
flustered,1,"a. 慌张的; 激动不安的
v. 使慌乱, 使不安( fluster的过去式和过去分词)"
ransom,1,"n. 赎金, 赎身, 赎回
vt. 赎, 赎身, 赎回, 勒索赎金"
evade,1,"v. (巧妙地)逃脱, 规避, 逃避"
tease,1,"n. 揶揄, 戏弄, 逗惹
vt. 戏弄, 取笑, 强求, 梳理, 使起毛"
searing,1,a. 灼热的
aftermath,1,"n. 结果, 后果
[法] 后果, 结果"
beverage,1,"n. 饮料
[化] 饮料(如牛奶、茶、咖啡、啤酒等)"
prey,1,"n. 被掠食者, 牺牲者
vi. 捕食"
carol,1,"n. 颂歌, 欢乐的歌
v. 歌颂, 欢唱"
relentless,1,"a. 无情的, 冷酷的, 残酷的"
stiff,1,"a. 坚硬的, 严厉的, 呆板的, 生硬的, 刚强的, 强烈的, 粘的, 稠的, 艰难的
n. 死尸, 醉鬼, 钞票
vt. 不肯付...小费"
cultivated,1,"a. 耕耘的, 栽植的, 有教养的"
conscience,1,"n. 良心
[法] 良心, 道德感, 正义感"
refrain,1,"n. 重复的话, 叠句, 副歌
vi. 节制, 避免, 克制"
intensify,1,"vt. 加强
vi. 强化"
conceal,1,"vt. 隐藏, 掩盖, 隐瞒
[法] 隐瞒, 隐匿, 保守秘密"
intentional,1,"a. 故意的, 与目的有关的
[法] 故意的, 有意的"
massacre,1,"n. 大屠杀
vt. 大屠杀, 残杀"
backdrop,1,"n. 背景幕, 背景"
split,1,"n. 劈开, 裂片, 裂缝, 分裂, 派系, 派别, 柳条
a. 劈开的
vi. 分离, 分开, 裂开, 被劈开
vt. 劈开, 切开, 使分裂, 使分离
[计] 拆分"
equation,1,"n. 相等, 等式, 平衡
[化] 方程式; 等式; 反应式; 公式"
gear,1,"n. 齿轮, 工具
vt. 以齿轮连起, 开动, 使适应, 安排
vi. 连接上, 适合"
metaphor,1,n. 隐喻
arouse,1,"vt. 唤醒, 鼓励, 引起
vi. 醒来"
eligible,1,"a. 有资格当选的, 合格的
n. 有资格者, 合格者, 适任者"
arrogance,1,"n. 傲慢态度, 自大"
marital,1,"a. 丈夫的, 婚姻的, 夫妇间的
[医] 婚姻的"
phony,1,"n. 假货, 假冒者, 赝品
a. 伪造的, 假的, 不可信的, 华而不实的"
redirect,1,"vt. 重新寄送, 使改道, 使改方向
[计] 重定向, 重新引导"
hooked,1,"a. 钩状的, 有钩的, 用钩针编织的"
hinder,1,"a. 后面的
v. 阻碍, 打扰"
patronage,1,"n. 赞助, 恩赐态度, 光顾, 任免权, 保护人的身分
[经] 光顾, 资助, 赞助"
muscle,1,"n. 肌肉, 臂力
[医] 肌"
ancestor,1,"n. 祖先, 祖宗"
cult,1,"n. 膜拜, 礼拜式, 祭仪, 一群信徒
[医] 迷信, 巫术"
indulge,1,"vt. 纵情于, 使高兴, 放任, 迁就
vi. 沉溺"
inspired,1,"a. 得到灵感的, 有灵感的, 官方授意的"
ethos,1,n. 气质；民族精神；社会思潮
degradation,1,"n. 降格, 堕落, 退化
[计] 降级"
aspire,1,"vi. 渴望, 立志于"
dual,1,"a. 双重的, 双的
n. 双数"
aggravate,1,"vt. 使恶化, 使更严重, 加重"
negligence,1,"n. 疏忽, 粗心大意, 忽视
[经] 疏忽, 过失"
stash,1,"vt. 藏起来
n. 隐藏处, 隐藏物"
fumes,1,"n. 烟, 汽, 气
[机] 烟"
conducive,1,"a. 有益于...的, 有助于...的, 助长的"
analogous,1,"a. 类似的, 相似的
[医] 类似的, 类同的"
obligation,1,"n. 义务, 责任, 约束, 契约, 恩惠, 债务
[经] 待付款, 债务, 义务"
engender,1,"vt. 产生, 引起
vi. 发生, 形成"
brim,1,"n. 边, 边缘, (河)边
vt. 注满, 使满溢
vi. 满溢"
provision,1,"n. (政府提供的)钱和设备, 准备, 供应品, 规定, 条款
vt. 供给...食物及必需品"
ethics,1,"n. 道德规范
[医] 伦理学"
receptive,1,"a. 能接纳的
[医] 接受的, 感受的"
disengage,1,"vt. 使脱离, 使松开, 使摆脱约束(或义务等)
vi. 脱离, 解脱"
responsive,1,"a. 回答的, 应答的, 易感应的"
stray,1,"n. 走失的家畜, 浪子
a. 迷途的, 偶然的
vi. 迷路, 彷徨, 流浪"
clumsy,1,"a. 笨拙的, 不雅观的, 粗陋的"
cubicle,1,"n. 小卧室
[医] 小隔间(宿舍或病室中的)"
confidant,1,"n. 心腹朋友, 知己"
grievance,1,"n. 委屈, 冤情, 苦况
[经] 不满(对雇用条件的)"
reputation,1,"n. 名誉, 名声, 声望
[法] 名声, 名誉, 公认证据"
repel,1,"vt. 逐退, 抵制, 使厌恶, 抗御
vi. 使厌恶, 相互排斥"
summon,1,"vt. 召唤, 召集, 号召, 振奋, 唤起, 鼓起
[经] 传唤, 传讯"
illustrious,1,"a. 著名的, 辉煌的, 明亮的"
improvisation,1,"n. 即兴而作, 即席演奏, 即席作品"
reap,1,"vt. 收割, 收获, 获得
vi. 收割, 得到报应"
secretive,1,"a. 秘密的, 偷偷摸摸的, 分泌的, 促进分泌的"
pen,1,"n. 钢笔, 笔, 笔调, 笔杆子, 作家, 围栏, 栅栏, 禽畜
vt. 写, 关入栏中, 囚禁
vi. 动笔, 写作"
cargo,1,"n. 货物
[经] 货柜"
lucrative,1,"a. 有利益的, 获利的, 合算的"
illusion,1,"n. 幻影, 错觉, 幻想
[医] 错觉"
confidential,1,"a. 机密的, 获他人信赖的, 易于信任他人的
[经] 秘密件"
unsubstantiated,1,"[法] 未经证实的, 不能肯定的"
pretend,1,"v. 假装, 伪称, 自命, 自称"
eminent,1,"a. 显赫的, 杰出的, 有名的"
reputable,1,"a. 受好评的, 有声望的, 规范的
[法] 声誉好的, 可尊敬的"
impressionable,1,"a. 易感的, 敏感的, 可塑的"
apologize,1,"vi. 道歉, 辩解"
oblige,1,"vt. 强制, 施恩惠于, 使感激
vi. 施恩惠, 帮忙"
averse,1,"a. 不愿意的, 反对的"
pathological,1,"a. 病理学的, 由疾病引起的, (非正式)不合理的, 仅由想象引起的, 不理智的
[计] 错误的"
stark,1,"a. 僵硬的, 完全的, 刻板的, 明显的, 荒凉的, 结实的
adv. 突出地, 简直, 全然"
jolt,1,"n. 震摇, 摇动, 颠簸
vi. 颠簸而行, 震摇
vt. 使颠簸, 使慌张, 猛击"
skyrocket,1,"vi. 飞涨, 突升
n. 焰火"
jurisdiction,1,"n. 司法权, 审判权, 管辖权
[经] 法律管辖权, 审判权"
exhaustive,1,"a. 消耗的, 枯竭的, 彻底的, 详尽的"
boulder,1,"n. 大圆石
[机] 圆石, 漂石"
windfall,1,"n. 被风吹落的果子, 横财
[经] 意外损失"
upfront,1,"a. 正直的, 坦率的; 最前面的, 首要的; 在前面的; 预先的
adv. 在最前面; 提前支付（工资）"
dialect,1,"n. 方言, 同源语"
stereotype,1,"n. 铅版, 陈规, 老套
vt. 使用铅版, 把...印制成盲文, 套用老套, 使一成不变"
spontaneity,1,"n. 自然发生, 自生, 自发"
genre,1,"n. 类型, 流派"
patronize,1,"vt. 保护, 支援, 赞助, 庇护, 惠顾"
fake,1,"n. 假货, 欺骗, 诡计
a. 假的
vt. 假造, 仿造
vi. 伪装"
condemn,1,"vt. 判刑, 责备, 谴责
[法] 定罪, 判刑, 宣告有罪"
psychiatry,1,"n. 精神病学, 精神病治疗
[医] 精神病学"
efficacy,1,"n. 功效, 效力
[医] 效能, 功效, 效验"
proceeds,1,"pl. 收益
[经] 收入, 收款, 所得"
sheer,1,"a. 绝对的, 全然的, 纯粹的, 透明的, 峻峭的
vi. 偏转, 偏航
vt. 使急转向, 使偏航
adv. 完全, 全然, 峻峭
n. 偏航"
affectionate,1,"a. 深情的, 充满情爱的"
attorney,1,"n. 代理人, 律师
[经] 律师, 代理人"
fruition,1,"n. 成就, 实现, 结果实"
contingent,1,"a. 或许发生的, 附随的, 偶然发生的
n. 偶然事件, 分遣队"
rig,1,"n. 装备, 帆装
vt. 装配, 装扮, 给船装帆, 垄断, 操纵"
fraud,1,"n. 欺骗, 欺诈, 诡计, 骗子
[经] 欺诈, 舞弊, 骗子"
justification,1,"n. 辩护, 证明正当, 释罪
[计] 调整"
chunk,1,"n. 大块, 矮胖的人(或物)
[经] 定样"
adaptable,1,"a. 能适应的, 适合的, 可修改的"
accommodating,1,"a. 与人方便的, 肯通融的"
rapids,1,n. 湍流；急流
differentiate,1,"v. 区别, 区分"
realm,1,"n. 王国, 领土, 领域
[计] 领域"
suggestive,1,"a. 提示性的, 影射的, 暗示的
[医] 暗示的"
mute,1,"n. 哑子, 哑音字母, 弱音器
a. 哑的, 无声的, 沉默的
vt. 减弱...的声音
vi. 排泄"
attain,1,"vt. 达到, 获得
vi. 达到"
log,1,"n. 记录, 圆木, 日志, 计程仪
vt. 伐木, 切, 航行
vi. 伐木
[计] 日志"
linger,1,"vi. 逗留, 消磨, 徘徊
vt. 消磨"
sensible,1,"a. 有感觉的, 敏感的, 明智的
[医] 可感觉的"
animated,1,"a. 活生生的, 能活动的, 活泼的, 欢快的"
sophistication,1,"n. 诡辩, 老于世故, 复杂(性)
[医] 掺假"
mandate,1,"n. 命令, 指令, 要求
vt. 委任统治"
aesthetic,1,"a. 美学的, 审美的, 有美感的"
expire,1,"vi. 期满, 呼气, 断气
vt. 呼出"
implement,1,"n. 工具, 器具, 手段
vt. 实现, 使生效, 执行"
installation,1,"n. 安装, 装置, 就职
[医] 结构, 装置, 设立"
rational,1,"a. 理性的, 合理的
n. 有理数"
beacon,1,"n. 烽火, 灯塔
v. 照亮"
studio,1,"n. 工作室, 画室, 演播室, 电影制片厂"
forthright,1,"adv. 直率地, 直接地, 马上, 立即
a. 直接的, 直率的, 坦白的
n. 直路"
counterpart,1,"n. 副本, 复本, 配对物, 相应物
[经] 副本, 正副二份中之一"
embodiment,1,"n. 具体化, 化身"
architect,1,"n. 建筑师, 设计者, 缔造者"
proclivity,1,"n. 倾向, 癖性"
escapism,1,"n. 逃避现实, 逃避主义"
epic,1,"n. 史诗, 叙事诗
a. 史诗的, 叙事诗的"
imposing,1,"a. 令人难忘的, 壮丽的, 威风的"
proximity,1,"n. 接近, 亲近"
sophisticated,1,"a. 复杂的, 久经世故的
[法] 尖端的, 高级的, 非常有经验的"
potent,1,"a. 有力的, 有说服力的, 有效的
[医] 有力的, 有性交能力的"
signature,1,"n. 签字, 识别标志, 调号
[计] 签名附件"
compel,1,"vt. 强迫, 迫使"
fairy,1,"n. 仙女, 精灵
a. 仙女的"
scan,1,"n. 审视, 浏览, 扫描, 细查
vt. 细看, 浏览, 扫描, 详细调查, 标出格律
vi. 押韵, 扫描
[计] 网络软件目录, 编码与分析系统"
agitated,1,"a. (表现出)不安/焦虑的, (被)激烈辩论的, (被)热烈讨论的, 颤抖的
[医] 激越的"
fatigue,1,"n. 疲乏, 疲劳
vt. 使疲劳, 使心智衰弱
vi. 疲劳
a. 疲劳的"
inadvertently,1,"adv. 漫不经心地, 疏忽地; 非故意地"
pastel,1,"n. 粉蜡笔, 粉蜡笔画, 随笔
a. 彩色蜡笔的, 蜡笔画的, 柔和的, 纤弱的"
ruthlessness,1,n. 无情；冷酷；残忍
celebrated,1,"a. 驰名的, 有名的"
exemplary,1,"a. 可仿效的, 可做模范的, 惩戒性的, 示范的
[法] 惩罚性的, 警戒性的, 示范的"
magnify,1,"vt. 放大, 扩大, 赞美, 夸大
vi. 有放大能力"
renaissance,1,"n. 复活, 复兴, 文艺复兴
a. 文艺复兴的"
empathy,1,"n. 移情作用, 共鸣
[医] 移情, 神入"
steadfast,1,"a. 坚定的, 踏实的, 固定的, 不变的"
prudence,1,"n. 审慎, 慎重, 精明, 节俭"
discerning,1,"a. 有眼力的, 敏锐的, 有辨别能力的, 有洞察力的"
extinct,1,"a. 熄灭的, 灭绝的, 耗尽的
[法] 消灭了的, 过时的, 无效的"
tedious,1,"a. 沉闷的, 冗长乏味的"
molecule,1,"n. 分子, 些微
[化] 分子"
reckless,1,"a. 不介意的, 大意的, 鲁莽的, 不顾后果的
[法] 不注意的, 粗心大意的, 鲁莽的"
authoritative,1,"a. 权威性的, 官方的, 命令式的
[法] 官方的, 当局的, 权威的"
file,1,"n. 档案, 公文箱, 文件夹, 文件, 卷宗, 锉刀
vi. 列队行进, 用锉刀做
vt. 归档, 申请, 锉, 琢磨
[计] 文件"
sibling,1,"n. 兄弟, 同胞
[医] 同胞(兄弟姐妹)"
undermine,1,"vt. 在...下面挖, 渐渐破坏, 暗地里破坏
[法] 暗中破坏, 以阴谋中伤伤害"
excel,1,"vt. 胜过, 优于, 擅长
vi. 胜过其他"
multiplicity,1,"n. 相重性, 多重性, 多样
[化] 多重态; 多重性"
reciprocity,1,"n. 相互性, 相互作用, 互惠主义
[经] 互惠性, 相关性"
bacon,1,"n. 熏猪肉
[机] 腌肉"
frugal,1,"a. 节俭的, 朴素的"
applaud,1,"v. 拍手喝彩, 称赞, 赞同"
authenticate,1,"vt. 证明可信, 证实为真, 使具法律效力
[法] 认证, 鉴定, 证明"
emigrate,1,"v. (使)移居, (使)移民"
reciprocal,1,"a. 互惠的, 相互的, 相等的, 倒数的, 彼此相反的
n. 倒数, 互相起作用的事物"
lever,1,"n. 杠杆, 似杠杆之工具
vt. 撬开
vi. 使用杠杆"
brutal,1,"a. 残忍的, 野蛮的, 不讲理的"
amuse,1,"vt. 消遣, 娱乐, 使发笑"
abbreviation,1,"n. 缩写词, 缩写, 缩短, 节略"
crunch,1,"v. 嘎吱嘎吱的咬嚼, 压碎, 嘎吱嘎吱地踏过
n. 咬碎, 咬碎声"
vague,1,"a. 含糊的, 不清楚的, 茫然的"
exhaustion,1,"n. 抽空, 耗尽, 疲惫, 筋疲力尽
[化] 抽空"
bore,1,"n. 令人讨厌的人, 激浪, 枪膛, 孔
vt. 使烦扰, 钻孔
vi. 钻孔
bear的过去式
[计] 内径; 孔径"
bombast,1,n. 夸大的言辞
chaotic,1,"a. 混乱的, 无秩序的
[法] 混乱的, 混沌的"
integrity,1,"n. 正直, 廉正, 完整
[计] 完整性"
ordination,1,"n. 任命, 授神职(礼), 颁布法令, 排列"
exchequer,1,"n. (英国)财政部, 国库
[法] 国库, 财源, 财政法院"
redistribution,1,"n. 重新分配, 再分发
[计] 重新分配"
allegiance,1,"n. 忠贞, 效忠"
forthcoming,1,"a. 即将来临的
n. 来临"
bankruptcy,1,"n. 破产者
[经] 破产, 倒闭"
cite,1,"vt. 引用, 引证, 表彰
[建] 引证, 指引"
safeguard,1,"n. 保卫, 保护措施, 防护设施
vt. 保卫, 保护"
collage,1,n. 拼贴画
infuse,1,"vt. 注入, 使充满, 泡制, 鼓舞
vi. 泡"
feasible,1,"a. 能实行的, 可行的, 适宜的
[法] 可行的, 可执行的, 可完成的"
spark,1,"n. 火花, 火星, 闪光, 无线电报务员, 瞬间放电, 活力, 朝气, 花花公子, 情郎
vi. 闪光, 发火花, 求婚
vt. 发动, 鼓舞, 使有朝气, 求婚"
immerse,1,"vt. 沉浸, 使陷入
[医] 浸[入]"
overhaul,1,"vt. 分解检查, 翻修, 精细检查, 彻底革新
n. 分解检查, 精细检查, 大检修"
hack,1,"n. 劈, 砍, 砍痕, 出租车, 干咳, 晒架, 鹤嘴锄
vt. 劈, 砍, 出租, 用旧
vi. 劈, 砍, 干咳, 驾驶出租车
a. 出租的"
revive,1,"vt. 使苏醒, 使复兴, 使振奋, 回想起, 重播
vi. 苏醒, 复活, 复兴, 恢复精神"
vaccinate,1,v. 预防接种
mock,1,"n. 嘲笑, 戏弄, 模仿
a. 假的, 伪造的, 模拟的
adv. 虚伪地
vt. 嘲弄, 模仿, 使失望, 欺骗, 挫败
vi. 嘲弄"
decent,1,"a. 有分寸的, 得体的, 大方的"
mature,1,"a. 成熟的, 到期的, 充分考虑的
vt. 使成熟
vi. 成熟, 到期"
crate,1,"n. 板条箱, 装货箱
[建] 篓, 筐"
luxuriant,1,"a. 繁茂的, 丰富的, 肥沃的, 华丽的
[医] 过盛的, 过多的"
paradox,1,"n. 似非而是的论点, 自相矛盾的话, 悖论, 怪人怪事
[化] 佯谬"
recreation,1,"n. 娱乐, 消遣, 休息, 再创造
[医] 娱乐, 休养"
demise,1,"n. 崩, 薨, 死亡
vt. 让渡, 遗赠, 转让"
rip,1,"n. 裂痕, 破绽, 拉裂, 浪子, 巨浪
vi. 被拉开, 裂开, 猛冲
vt. 撕, 扯, 劈"
accumulate,1,"v. 积聚, 堆积"
minimize,1,"vt. 将...减到最少
vt. 最小化
vi. 最小化
[计] 最小化"
untimely,1,"a. 不到时候的, 不合时令的, 不适时的"
accompany,1,"vt. 陪伴, 伴随, 补充, 为...伴奏
vi. 伴奏, 伴唱"
couch,1,"n. 长沙发, 睡椅, 卧榻
vt. 横躺, 表达
vi. 躺下, 蹲伏"
slump,1,"n. 暴跌, 垂头弯腰的姿态
vi. 猛然掉落, 陷入, 衰落(经济等)"
reckon,1,"vt. 计算, 总计, 估计, 认为, 猜想
vi. 数, 计算, 估计, 依赖, 料想"
disruptive,1,"a. 分裂的, 破坏(性)的
[计] 击穿的, 中断的"
signal,1,"n. 信号, 暗号, 近因, 导火线
vt. 向...作信号, 标志, 用信号通知
vi. 发信号
a. 作为信号的, 显著的
[计] 信号"
founder,1,"n. 创立者, 建立者
vt. 使沉没, 使摔倒, 弄跛, 浸水, 破坏
vi. 沉没, 摔到, 变跛, 倒塌, 失败"
asthma,1,"n. 哮喘
[医] 气喘"
addictive,1,a. 上瘾的
cede,1,"vt. 割让
[法] 割让, 让与, 放弃"
shade,1,"n. 荫, 阴暗, 遮光物, 灯罩, 帘, 浓淡, 微量, 底纹
vi. 渐变
vt. 使阴暗, 使渐变, 遮蔽, 微减
[计] 底纹"
sequester,1,"vt. 使隐退, 使隔绝, 扣押, 没收
[化] 螯合剂; 多价螯合剂"
premature,1,"a. 早产的, 过早的, 不成熟的
n. 早产儿, 过早发生的事物"
domain,1,"n. 领域, 领土, 产业, 范围
[计] 域, 区域, 支配命令"
lumber,1,"n. 木材, 破旧家俱, 废物, 隆隆声
vt. 砍伐木材, 乱堆
vi. 笨拙地移动, 喧闹地向前走, 隆隆地移动"
commute,1,"vt. 交换, 折偿, 减轻
vi. 代偿, 经常乘车来往"
allocate,1,"vt. 分派, 分配
[计] 分配"
calcium,1,"n. 钙
[化] 钙Ca"
contentious,1,"a. 好争吵的, 爱争论的, 有异议的
[法] 诉讼的, 争执的, 引起争论的"
celebrity,1,"n. 名声, 名人"
diabetes,1,"n. 糖尿病, 多尿症
[医] 糖尿病; 多尿症"
portray,1,"vt. 描绘, 描写, 描绘...的肖像"
halt,1,"n. 停止, 立定, 休息
vt. 使停止, 使立定
vi. 立定, 停止, 蹒跚, 踌躇, 有缺点
[计] 停止"
withhold,1,"vt. 使停止, 扣留, 保留, 拒给
vi. 克制, 忍住"
outmoded,1,"a. 过时的, 废弃的
[经] (式样等)过时的, 废弃了的"
toxic,1,"a. 有毒的, 中毒的
[医] 中毒的, 毒物的"
conceited,1,"a. 自负的, 逞能的, 狂想的"
benign,1,"a. 善良的, 良性的
[医] 良性的"
circular,1,"a. 圆形的, 循环的, 间接的
[医] 环状的, 循环的"
blunt,1,"a. 钝的, 坦率的, 麻痹的"
incentive,1,"n. 动机
a. 激励的"
augment,1,"v. 增加, 增长
[计] 增加; 增量; 添加"
trash,1,"n. 垃圾, 废物
vt. 丢弃"
provoke,1,"vt. 激怒, 惹起, 诱导
[法] 刺激, 煽动, 激怒"
intact,1,"a. 尚未被人碰过的, 原封不动的, 完整的
[医] 完整的, 无伤的"
disposal,1,"n. 丢掉, 处理, 排列, 销毁, 布置
[医] 处理, 处置"
rectify,1,"vt. 订正, 矫正, 改正, 调正, 校正, 精馏, 整流
[化] 精馏"
delusion,1,"n. 迷惑, 欺瞒, 错觉
[医] 妄想"
compress,1,"vt. 压缩, 压紧
vi. 受压缩小
[计] 压缩程序"
chef,1,n. 厨师
stalk,1,"n. 茎, 追踪, 高视阔步
vi. 悄悄靠近, 蹑手蹑脚地走近, 蔓延, 高视阔步
vt. 追踪, 搜索"
pregnant,1,"a. 怀孕的, 充满的, 思想丰富的, 成果丰硕的
[医] 妊娠的, 有孕的"
nasal,1,"a. 鼻的, 鼻声的, 尖锐的
n. 鼻音, 鼻音字"
implausible,1,"a. 难以置信的, 不象真实的"
harbor,1,"n. 港, 避难所
v. 庇护, 藏匿, (使)入港停泊"
relevance,1,n. 中肯；关联；相关性
cumbersome,1,"a. 笨重的, 麻烦的, 累赘的"
extravagant,1,"a. 奢侈的, 挥霍无度的, 浪费的"
raisin,1,n. 葡萄干
beat,1,"n. 心跳(声), 打, 敲打声, 拍子
v. 打, 拍打, 打败
a. 疲乏的, 颓废的
beat的过去式
[计] 拍; 节拍"
cutlery,1,"n. 刀剑制造业, 刃具制造业, 刀剑, 刃具, 刀叉餐具"
obsession,1,"n. 困扰, 困扰人的情绪
[医] 强迫观念"
scarcity,1,"n. 缺乏, 不足, 缺少
[经] 缺乏, 不足"
empirical,1,"a. 完全跟据经验的, 经验主义的
[医] 经验主义的"
leak,1,"n. 漏洞, 漏处, 漏出, 泄漏
vi. 漏, 泄漏
vt. 使渗漏"
calorie,1,n. 卡路里（热量单位）
tint,1,"n. 色彩, 浅色
vt. 染色于"
enact,1,"vt. 制定法律, 扮演, 颁布
[法] 法令, 法规, 条例"
interrupt,1,"vt. 中断, 妨碍, 插嘴
vi. 打断
n. 中断
[计] 中断"
amendment,1,"n. 修订, 改善, 改良, 改正
[化] 调理剂; 修正"
clientele,1,"n. 诉讼委托人, 客户
[法] 委托人, 受保护者, 门徒"
indignant,1,"a. 愤怒的, 愤慨的"
paraphrase,1,"n. 释义, 解述, 改写
vt. 改写, 解述
vi. 释义, 意译"
perplexed,1,"a. 困惑的, 不知所措的, 复杂的, 难办的"
brochure,1,"n. 小册子, 小册"
compassionate,1,"a. 慈悲的, 富于同情心的, 照顾性的
vt. 怜悯, 同情"
humane,1,"a. 有人情的, 人道的, 仁慈的"
inhuman,1,"a. 残忍的, 无人性的, 非人类的
[法] 非人道的, 不人道的, 残忍的"
vicious,1,"a. 邪恶的, 堕落的, 品性不端的, 恶毒的, 恶性的, 有错误的
[医] 缺点的, 恶的"
ignorance,1,"n. 无知, 愚味
[法] 无知, 不知情, 愚昧"
practitioner,1,"n. 从业者, 开业者
[医] 行医者, 医师"
freight,1,"n. 船货, 运费, 货运
vt. 装货, 使充满, 以货运运送, 租(或出租)(船等)"
apprehensive,1,"a. 惴惴不安的, 敏悟的, 知晓的"
ironic,1,"a. 冷嘲的, 挖苦的, 反话的, 讽刺的, 令人啼笑皆非的, 出乎意料的"
optional,1,"a. 可选择的, 随意的
[化] 选购的"
disintegrate,1,"vt. (使)分解, (使)碎裂
[医] 分解, 分裂, 蜕变"
perish,1,"vi. 毁灭, 丧生, 凋谢, 颓丧, 死亡, 腐烂
vt. 毁坏, 使麻木, 使丧生, 耗尽"
infirm,1,"a. 弱的, 虚弱的, 柔弱的
[医] 衰弱的"
surgeon,1,"n. 外科医生, 军医, 船医
[医] 外科医师"
slight,1,"n. 轻蔑, 怠慢
a. 轻微的, 纤细的, 脆弱的, 苗条的
vt. 轻视, 忽略, 怠慢"
diagram,1,n. 图表；图解
diffusion,1,"n. 散播, 传播, 蔓延
[医] 扩散, 弥散, 漫射(光)"
pamphlet,1,"n. 小册子, 活页文选"
periodical,1,"n. 期刊
a. 定期出版的, (有关)期刊的, 间歇(性的), 周期的, 定期的"
nonconformist,1,"n. 不相信英国国教的人, 不符合通常准则的人, 不落俗套的人
a. 违反准则的, 不落俗套的, 违反规范的"
liberate,1,"vt. 解放, 释放, 使自由
[机] 释出, 放出"
margin,1,"n. 页边的空白, 边缘, 界限, 余裕, 差数, 差额, 保证金
vt. 加边于, 加旁注于
[计] 页边距"
compile,1,"vt. 编译, 编辑, 编纂, 收集
[计] 编译"
promptness,1,"n. 敏捷, 机敏"
ballot,1,"n. 投票, 投票用纸, 抽签
vi. 投票, 抽签
vt. 投票选出, 拉选票"
plough,1,"n. 犁, 犁过的地
vi. 用犁耕田, 开路
vt. 耕, 犁, 开路"
timidity,1,"n. 胆小, 胆怯, 羞怯"
indecisive,1,"a. 非决定性的, 犹豫不决的, 不明确的"
persuasive,1,"a. 有说服力的, 劝诱的, 劝导性的"
cast,1,"n. 演员阵容, 投掷, 铸件, 预测, 特性
vt. 投, 掷, 抛, 脱落, 铸, 使弯曲, 计算
vi. 投, 计算, 浇铸成型"
rigorous,1,"a. 严厉的, 严酷的, 严格的, 苛刻的, 严密的, 精确的"
innate,1,"a. 先天的, 天生的
[医] 先天的, 生来的"
hostility,1,"n. 敌意, 敌对, 反对"
restorative,1,"a. 恢复健康的, 滋补的
n. 兴奋药, 补药"
bizarre,1,a. 奇异的
exotic,1,"a. 异国的, 外来的
n. 外来人, 外来物, 舶来品"
materialize,1,"vt. 赋予实质, 使体现, 物质化
vi. 成有形, 体现, 实现"
hypothesis,1,"n. 假设
[化] 假设"
accommodate,1,"vt. 使适应, 调和, 通融, 容纳, 向...提供
vi. 适应"
drill,1,"n. 钻孔机, 钻子, 播种机, 粗斜纹布
v. 训练, 钻孔"
liquid,1,"n. 液体, 流体, 流音
a. 液体的, 透明的, 明亮的, 流动的, 易变的"
inter,1,"vt. 埋葬
prep. 在中间"
espionage,1,"n. 间谍活动
[法] 间谍活动, 刺探, 间谍"
vocation,1,"n. 职业, 天命, 天职, 才能, 行业
[法] 行业, 职业, 职业上的才能"
circuit,1,"n. 电路, 环(行)道, 巡回
[计] 线路; 电路"
inspection,1,"n. 检验, 检查, 视察
[医] 检查, 视察, 监督, 望诊"
dimension,1,"n. 尺寸, 次元, 面积, 维数
vt. 标出尺寸"
autonomous,1,"a. 自治的
[医] 自主的"
prominent,1,"a. 卓越的, 显著的, 突出的, 凸出的"
protest,1,"n. 抗议, 反对, 抗议书, 断言
v. 反对, 抗议, 断言"
exaggerate,1,"v. 夸大, 夸张"
roundabout,1,"a. 迂回的, 委婉的
n. 迂回路线"
flare,1,"n. 闪光, 闪耀
vi. 闪光, 闪耀
vt. 用发光信号发出, 使闪耀, 使张开"
assure,1,"vt. 保证, 使确信, 弄清楚, 担保
[法] 确信, 保证, 保障"
confide,1,"vt. 吐露, 委托
vi. 信赖"
convince,1,"vt. 说服, 使相信
[法] 使确信, 使信服, 使人认识错误"
connotation,1,"n. 含蓄, 内涵"
incorporate,1,"a. 合并的, 组成公司的, 一体化的
vt. 吸收, 合并, 使组成公司, 体现
vi. 合并, 混合, 组成公司"
refute,1,"vt. 反驳, 驳斥；驳倒"
sovereignty,1,"n. 主权, 独立国
[法] 主权, 主权国家, 统治权"
disagreeable,1,"a. 令人不快的, 厌恶的, 不合意的"
stubborn,1,"a. 顽固的, 不听话的, 执拗的, 棘手的"
narrative,1,"n. 叙述, 故事
a. 叙述的, 叙事的, 故事体的"
reportorial,1,"a. 记者的, 报道的"
clash,1,"n. 冲突, 撞击声, 抵触
vi. 冲突, 抵触
vt. 使发出撞击声
[计] 对撞"
explosive,1,"n. 炸药, 爆破音
a. 易爆发的, 爆炸的, 暴躁的"
illuminating,1,a. 有启发性的
lunar,1,"a. 阴历的, 月的, 微亮的(指光)
[医] 月的, 银的"
resignation,1,"n. 辞职, 辞呈, 听从
[经] 辞职"
costume,1,"n. 装束, 服装"
dignity,1,"n. 尊严, 高贵
[法] 尊严, 高位, 高贵"
instrumental,1,"a. 仪器的, 器具的, 可作为手段的
[医] 器械的"
entrenched,1,"a. 牢固的, 根深蒂固的"
scope,1,"n. 范围, 机会, 广度, 眼界, 观察仪器, 导弹射程
[计] 作用域"
controversial,1,"a. 争论的, 论争的, 被议论的"
ditch,1,"n. 沟渠
vt. 在...开沟
vi. 开沟"
notorious,1,"a. 声名狼藉的, 臭名昭著的, 众人皆知的"
resent,1,"vt. 愤恨, 憎恶, 怨恨"
cuff,1,"n. 袖口, 一巴掌
vt. 用巴掌打
vi. 殴斗"
understatement,1,"n. 软弱无力的陈述, 克制的说法
[经] 少报"
compulsion,1,"n. 强迫, 强制
[医] 强迫"
spell,1,"n. 符咒, 魅力, 轮值, 轮班, 工作时间, 一次发作
vt. 拼写, 拼成, 琢磨, 理解, 招致, 轮换, 迷住
vi. 轮换, 拼字"
pointer,1,"n. 指示物, 教鞭, 暗示, 指针
[计] 指针"
glimpse,1,"n. 一瞥, 一闪
vi. 投以一瞥, 闪烁不定
vt. 瞥见"
disregard,1,"n. 忽视, 漠视
vt. 忽视, 不顾"
winding,1,"n. 绕, 卷, 弯曲, 线圈
a. 蜿蜒的, 卷绕的, 弯曲的"
gloom,1,"n. 忧郁, 暗处, 幽暗
vi. 变忧沉, 变黑暗
vt. 使忧郁, 使黑暗"
muted,1,"a. 变弱了的, 变柔和了的"
subordinate,1,"n. 属下, 附属物
a. 下级的, 次要的, 附属的
vt. 使居下位, 使服从"
shield,1,"n. 盾, 防卫物, 保护者, 屏蔽
vt. 保护, 遮蔽, 屏蔽, 庇护, 挡开, 避开
vi. 起保护作用"
legitimate,1,"a. 合法的, 正当的, 婚生的
vt. 认为正当, 立为嫡嗣, 使合法"
agony,1,"n. 极大的痛苦, 挣扎
[医] 濒死苦闷; 剧痛"
ineffectual,1,"a. 无效的, 无益的"
prescribed,1,a. 规定的
abreast,1,"adv. 并肩地, 并列地"
incidence,1,"n. 发生, 发生率, 影响, 负担者, 入射, 倾角
[医] 入射, 发生率, 发生数"
allocation,1,"n. 配置, 分配, 拨给
[经] 分配, 拨款, 分摊"
counteract,1,"vt. 抵消, 阻碍, 中和
[法] 抵抗, 阻碍, 抵销"
fare,1,"n. 费用, 旅客, 食物
vi. 进展, 进步, 经营, 过活"
liquor,1,"n. 酒, 液体, 汁, 溶液
vt. 浸水
vi. 喝酒"
photosynthesis,1,"n. 光合作用
[化] 光合作用"
pancreas,1,"n. 胰腺
[医] 胰[腺]"
pinch,1,"n. 捏, 拧, 撮, 少量, 收缩, 挤压, 夹痛, 苦恼, 逮捕, 指控, 匮乏, 紧急关头
vt. 捏, 拧, 掐, 挤压, 修剪, 使困苦, 使萎缩, 节制, 少量加入, 逮捕, 勒索
vi. 收缩, 节省, 挤压, 引起苦恼"
flavouring,1,n. 调味料
confirmed,1,"a. 被证实的, 根深蒂固的, 坚定的
[经] 保兑的, 业经证实的"
probe,1,"n. 探索, 调查, 探针, 探测器
v. 用探针探测, 调查, 探索"
denote,1,"vt. 指示, 表示"
axis,1,"n. 轴
[计] 坐标轴"
procession,1,"n. 队伍, 连续, 列队行进, 涌出"
numerous,1,"a. 很多的, 数目众多的, 多数的
[机] 多数的, 甚多的"
deposit,1,"n. 存款, 定金, 堆积物
vt. 存放, 堆积
vi. 沉淀"
unaffected,1,"a. 不矫揉造作的, 自然的, 未受影响的, 未被感动的
[经] 不受影响的"
speculation,1,"n. 沉思, 推测, 投机
[经] 投机交易, 买空卖空"
computation,1,"n. 计算, 计数, 计算结果
[经] 计算, 估计, 计算法"
manipulative,1,"a. 处理的, 巧妙处理的, 操纵的"
radius,1,"n. 半径, 范围, 辐射光线
[电] 半径"
stir,1,"n. 骚动, 轰动, 搅动, 监狱
vt. 移动, 摇动, 激起, 惹起, 搅拌
vi. 走动, 传播, 搅拌"
irritation,1,"n. 刺激, 烦恼, 刺激物
[医] 刺激[作用], 兴奋"
windy,1,"a. 多风的, 风强的, 腹胀的, 吹牛的"
enrage,1,"vt. 激怒, 使暴怒"
legend,1,"n. 传说, 传奇文学, 图例
[计] 图例"
congestion,1,"n. 拥挤, 充血
[计] 拥挤, 拥塞"
penicillin,1,"n. 盘尼西林, 青霉素
[化] 青霉素"
collar,1,"n. 衣领, 颈圈
vt. 控制, 扭住衣领, 给...装上领子"
dedication,1,"n. 奉献, 献身, 献辞
[计] 专用"
publicize,1,vt. 宣传
induction,1,"n. 归纳法, 感应, 就职, 入门
[计] 归纳法"
extract,1,"n. 榨出物, 精汁, 摘录, 选段
vt. (费力地)取出, 采掘, 榨取, 摘录, 吸取
[计] 提取"
prose,1,"n. 散文
v. 写散文
a. 散文的, 平凡的"
deductive,1,"a. 推论的, 演绎的
[法] 推定的, 推断的, 演绎的"
prevailing,1,"a. 盛行很广的, 优势的, 主要的, 普遍的
[法] 占优势的, 盛行的, 通行的"
grasping,1,"a. 抓的, 握的, 贪婪的"
recombine,1,"vt. 再结合, 重组"
inconsiderate,1,"a. 不顾别人的, 轻率的"
revenge,1,"n. 报仇, 复仇, 报复
vt. 报仇, 报复"
filter,1,"n. 滤波器, 过滤器, 滤光器, 过滤嘴, 去尘器
vt. 过滤, 渗透, 走漏
vi. 滤过, 渗入
[计] 过滤器, 筛选"
coordinate,1,"n. 同等的人(或物), 坐标
a. 同等的, 并列的
v. (使)协调"
inertia,1,"n. 惯性, 惰性, 迟钝
[化] 惯性"
disturbance,1,"n. 扰乱, 不安, 忧虑
[化] 扰动; 干扰; 失调"
patriotism,1,"n. 爱国心, 爱国精神, 爱国主义"
velocity,1,"n. 速度, 迅速
[化] 速度"
alternate,1,"a. 交替的, 轮流的, 间隔的
v. 轮流, (使)交替"
practicable,1,"a. 可实行的, 可做的, 可用的"
laborious,1,"a. 艰苦的, 费劲的, 勤劳的"
stomach,1,"n. 胃, 食欲, 欲望, 肚子
vt. 吃下, 忍受"
invalid,1,"n. 病人, 残废者
a. 有病的, 无效的"
heritage,1,"n. 遗产, 祖先遗留物, 继承物
[医] 遗传性"
skim,1,"vt. 撇取浮沫, 略读, 掠过
vi. 擦过, 浏览
n. 脱脂乳, 擦过, 表层物
a. 撇去浮沫的"
decibel,1,"n. 分贝
[计] 分贝"
intermittent,1,"a. 间歇的, 断断续续的
[化] 间歇的; 间断的"
drudgery,1,"n. 苦差事, 苦工"
agreeable,1,"a. 令人愉快的, 同意的
[医] 佳适的"
preoccupation,1,"n. 抢先占据, 先人之见, 入神
[医] 成见, 注意散漫, 心不在焉"
conquer,1,"vt. 克服, 征服, 战胜
vi. 得胜"
airborne,1,"a. 升空的, 空运的, 空中传播的, 空降的"
rejoice,1,"vt. 使欢喜
vi. 欣喜, 高兴, 庆祝"
multitude,1,"n. 多数, 群众"
rescue,1,"n. 援救, 解救, 营救
vt. 援救, 救出, 营救"
spectator,1,"n. 观众, 目击者, 旁观者"
continuation,1,"n. 继续, 续集, 补编
[医] 连续"
ceremony,1,"n. 典礼, 仪式, 礼节
[法] 典礼, 仪式"
flag,1,"n. 标志, 旗标, 旗子, 信号旗, 菖蒲
vt. 悬旗, 打旗号, 铺石板
vi. 无力地下垂
[计] 标志; 属性标记命令"
interlocking,1,"a. 连锁的
[化] 咬合; 咬合作用"
magnetism,1,"n. 磁性, 吸引力, 磁学, 催眠术
[化] 磁学"
cathedral,1,n. 大教堂
rural,1,"a. 乡下的, 田园的, 乡村风味的
[法] 农村的, 乡村的, 有关农业的"
expertise,1,"n. 专家意见, 专门技术
[法] 专门知识, 专家意见"
offensive,1,"a. 令人不快的, 侮辱的, 攻击性的
[法] 攻击的, 进攻的, 冒犯的"
causal,1,"a. 原因的, 因果关系的, 表示原因或理由的
n. 表示原因的连词"
medieval,1,"a. 中古的, 中世纪的"
orientation,1,"n. 定方位, 适应, 向东方
n. 方向
[计] 方向"
menace,1,"n. 威胁, 胁迫
v. 威吓, 胁迫"
treaty,1,"n. 条约, 谈判
[经] 协议, 协定, 协商"
elbow,1,"n. 手肘, 弯头, 扶手
v. 用手肘推开, 推挤"
timely,1,"a. 及时的, 适时的
adv. 及时地"
cripple,1,"n. 跛者, 残废
vt. 使跛, 使成残废, 削弱
a. 跛的, 残废的"
stout,1,"a. 结实的；矮胖的；勇敢的；激烈的
n. 矮胖子；烈性啤酒"
refugee,1,"n. 难民, 流亡者
[法] 避难者, 流亡者, 难民"
irritable,1,"a. 易怒的, 急躁的
[医] 应激性的, 过敏的"
brisk,1,"a. 强烈的, 寒冷而干燥的, 活泼的
vt. 使活泼
vi. 活跃起来"
commend,1,"vt. 嘉奖, 委托给, 推荐"
imperative,1,"n. 命令, 必要的事, 规则, 祈使语气
a. 命令式的, 急需的, 势在必行的, 强制的"
smooth,1,"a. 平滑的, 平稳的, 流畅的, 和蔼的, 安祥的, 圆滑的, 调匀的, 无毛的
vt. 使光滑, 烫平, 使平和, 消除
vi. 变平滑, 变平静
n. 一块平地, 平滑部分"
growl,1,"n. 吠声, 咆哮声
v. 怒吠, 咆哮, 吼"
favorable,1,"a. 有利的, 赞许的, 良好的"
deterioration,1,"n. 恶化, 衰退, 退化
[医] 变坏, 变质, 颓废, 衰退"
laboured,1,"a. 吃力的, 缓慢的, 不自然的, 矫揉造作的"
marginal,1,"a. 边缘的, 最低限度的, 有旁注的
[医] 缘的"
divert,1,"vt. 转移, 使欢娱
vi. 转移"
worship,1,"n. 崇拜, 礼拜, 尊敬
vi. 参加礼拜
vt. 崇拜, 尊敬"
stern,1,"n. 尾部, 船尾, 臀
a. 严厉的, 严格的, 坚定的, 坚决的"
pitiful,1,"a. 慈悲的, 可怜的, 令人同情的, 可鄙的"
tragedy,1,"n. 悲剧, 惨案, 悲剧作品
[法] 惨事, 灾难, 不辛"
splendid,1,"a. 光亮的, 了不起的, 灿烂的, 壮丽的, 显著的, 杰出的"
cling,1,"vi. 粘紧, 附着, 紧贴, 坚持"
confine,1,"vt. 限制, 使不外出, 禁闭
vi. 邻接, 交界
n. 边缘, 范围, 区域"
offend,1,"v. 犯罪, 冒犯, 违反, 进攻"
headway,1,"n. 前进, 航行速度, 进展
[经] 进尺, 钻井"
calculating,1,"a. 计算的, (贬)专为自己打算的, 深谋远虑的
[计] 计算"
affirm,1,"v. 断言, 确认"
incompatible,1,"a. 不相容的, 不能并存的, 矛盾的
[化] 不协调"
category,1,"n. 种类, 类项
[计] 分类"
belongings,1,"n. 财产, 所有物, 相关事物
[经] 财产, 所有物, 附属物"
tear,1,"n. 泪滴, 眼泪, 撕, 扯, 裂缝, 激怒, 飞奔
vi. 流泪, 撕破, 赶快, 飞奔, 被撕破
vt. 撕裂, 戳破, 拉掉, 撕掉, 使分裂, 使精神不安, 折磨"
devastating,1,"a. 毁灭性的, (非正式)很好的, 引人注目的"
diffuse,1,"v. 散播, 传播
a. 散开的, 弥漫的"
submit,1,"vt. 使服从, 使受到, 委托, 提交, 认为
vi. 屈服, 服从"
closure,1,"n. 关闭
vt. 使终止"
copyright,1,"n. 版权, 著作权
[法] 著作权"
archives,1,"n. 档案, 档案室
[法] 公文档案, 案卷, 档案保管处"
submission,1,"n. 屈服, 服从, 谦恭, 呈递, 提交, 意见
[经] 提交, 提出, 提交公断"
inch,1,"n. 英寸, 身高, 小岛
vi. 慢慢前进, 慢慢移动
vt. 使缓慢地移动"
secular,1,"n. 修道院外的教士
a. 世俗的, 现世的, 长期的"
withstand,1,"vt. 抵住, 顶住, 经得起"
modification,1,"n. 修正, 修饰, 修改
[化] 修饰; 修改"
garment,1,"n. 衣服, 衣装, 外表"
uniform,1,"n. 制服
a. 统一的, 一律的, 始终如一的"
clause,1,"n. 子句, 条款
[计] 子句"
prestige,1,"n. 声望, 威望, 威信
[经] 商誉, 声誉"
renowned,1,"a. 有名的, 有声誉的"
disposition,1,"n. 性情, 处置, 处理, 布置
[医] 素因, 性情"
clip,1,"n. 修剪, 夹子, 回形针, 剪下来的东西
vt. 修剪, 痛打, 夹牢, 剪报
vi. 剪报"
perpetuity,1,"n. 永久, 不朽, 终身职位, 终身任期, 永久使用权
[经] 永续年金, 终身年金"
deception,1,"n. 欺骗, 诡计
[法] 瞒骗, 诈欺, 欺骗"
composer,1,"n. 作曲家, 作家, 调停者"
determination,1,"n. 决心, 果断
[化] 判定; 测定"
wistful,1,"a. 渴望的, 想望的"
spontaneous,1,"a. 自然的, 自发的, 未经琢磨的
[医] 自发的, 特发的, 自生的"
muddy,1,"a. 泥泞的, 浑浊的, 模糊的
vt. 使污浊, 使沾上泥污"
herd,1,"n. 兽群, 人群, 牧人
vt. 群集, 使成群, 放牧
vi. 聚在一起"
earthy,1,"a. 土的, 土质的, 土味的"
saliva,1,"n. 唾液, 唾沫, 涎
[医] 涎, 唾液"
blast,1,"n. 一阵风, 爆炸, 枯萎病
vt. 炸, 使枯萎
vi. 炸, 猛攻, 猛烈抨击, 枯萎"
lineage,1,"n. 血统, 直系
[法] 血统, 世系"
chromosome,1,"n. 染色体
[化] 染色体"
lively,1,"a. 活泼的, 鲜明的, 生动的"
civility,1,"n. 礼貌, 礼仪"
virtuosity,1,"n. 精湛技巧, 对古董等的爱好"
solidarity,1,"n. 团结, 团结一致, 共同一致
[法] 团结, 共同责任"
signify,1,"vt. 象征, 预示
vi. 要紧, 重要"
pottery,1,"n. 陶器, 陶器厂
[化] 陶器"
metallurgy,1,"n. 冶金学, 冶金术
[化] 冶金"
incidental,1,"a. 附带的, 偶然的, 容易发生的
n. 附带事件"
gratify,1,vt. 使满足
revise,1,"n. 校订, 修正, 改样
vt. 校订, 修正, 校正"
delete,1,"vt. 删除
[计] 删除"
unenlightened,1,"a. 愚昧无知的, 未受启发的"
odds,1,"n. 可能性, 几率, 机会, 胜算, 不平等"
rolling,1,"a. 旋转的, 波动的, 起伏的
n. 旋转, 轰响, 动摇"
redundancy,1,"n. 过多, 冗长, 累赘, 多余, 冗余位, 冗余度, 冗余码, 多余信息
[计] 冗余"
skirt,1,"n. 裙子, 下摆, 边缘, 郊区
vt. 位于...边缘, 绕过, 回避
vi. 位于边缘"
astray,1,"adv. 迷途地, 入歧途地
[法] 误入歧途地, 离开正道地"
transition,1,"n. 转变, 转换, 变迁, 过渡时期, 临时转调
[化] 跃迁"
clique,1,"n. 派系, 集团
vi. 结党
[计] 集团型"
gratification,1,"n. 令人满足的事(或物), 满足, 喜悦
[医] 愿望满足, 满意"
monotonous,1,"a. 单调的, 无变化的"
sustain,1,"vt. 承受, 支持, 供养, 继续, 忍受, 蒙受, 证实, 准许
[电] 持续"
dwelling,1,"n. 住处
[医] 住房"
strolling,1,a. 巡回演出的；消闲散步的
spite,1,"n. 恶意, 怨恨, 使人烦恼的事物
vt. 故意刁难, 欺侮"
discourse,1,"n. 谈话, 演讲
vi. 谈话, 讲述"
deference,1,"n. 顺从, 尊重"
forum,1,"n. 论坛, 公开讨论的广场, 法庭, 讨论会
[法] 讨论会, 专题讨论, 公共论坛"
residence,1,"n. 住宅, 居留, 驻扎, 居住期间
[医] 住房"
bilingual,1,a. 双语的
proficient,1,"n. 高手, 专家
a. 精通的, 熟练的"
turbulent,1,"a. 狂暴的, 骚乱的, 紊乱的"
superb,1,"a. 极度的, 华丽的, 极好的"
memorial,1,"n. 纪念物, 请愿书
a. 记念的, 记忆的"
wholesale,1,"n. 批发
a. 批发的, 大规模的
adv. 大规模, 照批发方式
vi. 经营批发业, 批发
vt. 批发"
testify,1,"v. 证明, 作证, 声明, 表明"
chauvinistic,1,"a. 本民族(或本性别)第一主义的, 沙文主义的"
neurology,1,"n. 神经病学
[医] 神经病学"
substantiate,1,"vt. 使实体化, 证实
[经] 确证"
clarify,1,"vi. 澄清, 阐明
vt. 使明晰"
abrupt,1,"a. 突然的, 唐突的, 陡峭的, 不连贯的"
crabbed,1,"a. 潦草的, 难懂的, 易怒的, 倔强的"
compose,1,"vt. 组成, 写作, 作曲, 使平静
vi. 创作, 排字
[计] 编写"
autobiography,1,n. 自传
apprehension,1,"n. 理解, 忧惧, 逮捕
[医] 领会"
injurious,1,"a. 有害的, 不公正的
[法] 伤害的, 有害的, 不公平的"
regime,1,"n. 政权, 当权期间, 政体, 社会制度, 体制, 情态
[医] 制度, 生活制度"
sovereign,1,"n. 元首, 独立国
a. 具有主权的, 至高无上的, 国王的, 完全的"
abolish,1,"vt. 废止, 革除, 消灭
[经] 废除, 取消, 裁撤"
tribute,1,"n. 贡物, 礼物, 颂辞"
exclusion,1,"n. 排除, 除外, 逐出
[医] 排除, 除外, 分离术"
tournament,1,"n. 比赛, 竞赛, 锦标赛, 联赛"
quirk,1,"n. 古怪举动, 俏皮话, 急转"
pronounced,1,"a. 发出音的, 读出来的, 显著的, 断然的, 明显的
[法] 显著的, 明显的, 明确的"
confer,1,"vt. 授予, 带来
vi. 协商"
stamina,1,"n. 精力, 活力, 耐力, 雄蕊
[医] 耐力, 精力; 雄蕊"
hysteria,1,"n. 歇斯底里症, 不正常的兴奋, 癔病
[医] 癔病, 歇斯底里"
query,1,"n. 疑问, 疑问号, 质问, 查询
v. 询问, 质问
[计] 查询"
envision,1,"vt. 想象, 预想"
consistent,1,"a. 一致的, 坚持的, 并立的, 坚固的"
imitation,1,"n. 模仿, 效法, 冒充, 赝品
[医] 模仿, 仿制, 仿制品"
simulate,1,"vt. 模拟, 假装, 模仿
[法] 伪装的, 模拟的; 假装的, 伪装的, 冒充"
sly,1,"a. 狡猾的, 诡密的, 俏皮的, 偷偷摸摸的"
discard,1,"vt. 丢弃, 抛弃
vi. 垫牌
n. 垫牌, 抛弃"
immoral,1,"a. 不道德的, 邪恶的, 放荡的
[法] 不道德的, 道德败坏的, 邪恶的"
contemptible,1,"a. 卑鄙的, 可轻蔑的, 不足挂齿的"
anarchy,1,"n. 无政府状态, 政治混乱
[法] 混乱, 无秩序, 无政府状态"
cape,1,"n. 岬, 海角, 披肩, 斗蓬"
forsake,1,"vt. 放弃, 断念, 抛弃
[法] 遗弃, 抛弃, 摒绝"
presumptuous,1,"a. 放肆的, 冒昧的, 傲慢的"
disguise,1,"n. 假面目, 假装
vt. 假装, 隐瞒"
auxiliary,1,"n. 辅助者, 辅助物, 附属机构, 助动词
a. 辅助的, 备用的"
husbandry,1,"n. 农事, 饲养业, 家政"
consensus,1,"n. 合意, 一致, 同感
[计] 合意"
precede,1,"vt. 在...之前, 优于, 较...优先
vi. 在前面"
discriminating,1,"a. 区别性的, 有识别力的, 有差别的"
concise,1,"a. 简洁的, 简明的"
underestimated,1,"v. 对…估计不足, 低估( underestimate的过去式和过去分词 ); 对…认识不足（或重视不够）, 低估, 轻视"
partisan,1,"n. 党羽, 虔诚信徒, 同党, 游击队员
a. 党派的, 偏袒的, 效忠的, 献身的, 盲目推崇的"
affinity,1,"n. 吸引, 姻亲关系, 类同
[化] 亲合力; 亲合能; 亲合势; 近似; 类似"
equate,1,"vt. 使相等, 视为平等
vi. 等同"
populace,1,"n. 平民, 大众, 人口"
momentary,1,"a. 瞬间的, 刹那间的"
magnitude,1,"n. 巨大, 重大, 重要, 大小, 数量, 星等(指星的亮度)
[计] 大小; 值"
customary,1,"a. 习惯的, 惯常的
[经] 通常的, 习惯的"
ample,1,"a. 大量的, 充足的, 丰富的"
monster,1,"n. 怪物, 恶人, 巨物
[医] 畸胎"
hypocritical,1,"a. 伪善的, 伪善者的"
surveillance,1,"n. 监视, 监督
[电] 侦测"
dispose,1,"vt. 处理, 排列, 布置
vi. 处置"
effortless,1,"a. 容易的, 不费力气的"
glowing,1,"a. 白热的, 灼热的, 通红的, 鲜艳的
[化] 辉光"
prosperous,1,"a. 成功的, 繁盛的, 幸运的
[经] 繁荣的, 昌盛的"
casualty,1,"n. 意外事故, 伤亡, 受害者
[化] 事故"
sensational,1,"a. 使人感动的, 非常好的"
impetus,1,"n. 动力, 推动力, 动量
[医] 冲动, 动能, 起始(病)"
mediocrity,1,"n. 平常, 平庸之才"
evolve,1,"vi. 进展, 进化, 展开
vt. 使发展, 使推断出, 使进化"
savage,1,"a. 未开化的, 野蛮的, 无礼的, 残酷的, 原始的, 粗鲁的, 未开发的
vt. 用暴力对付, 凶猛攻击
n. 原始人, 粗鲁人"
generator,1,"n. 产生器, 发电机, 生产者
[计] 发生器"
advisable,1,"a. 适当的, 明智的"
transient,1,"n. 瞬, 短期居留者, 过境鸟, 瞬变现象
a. 短暂的, 易变的, 瞬变的, 路过的
[计] 瞬变过程; 过渡过程; 过渡的; 瞬变的; 瞬时峰值电压"
entry,1,"n. 登录, 条目, 进入, 入口, 报关
[计] 登录项, 输入项, 条目"
centigrade,1,"a. 百分度的, 摄氏的
[医] 百分度"
centralization,1,"n. 集中, 中央集权化
[计] 集中式; 集中化"
hypocrisy,1,"n. 伪善
[法] 伪善, 虚伪"
confess,1,"v. 承认, 坦白, 忏悔, 供认"
acquisitive,1,"a. 渴望获得的, 贪婪的
[法] 取得的, 获得的, 贪得无厌的"
vulgar,1,"a. 粗俗的, 庸俗的, 普通的, 通俗的, 方言的
[法] 庸俗的, 卑下的, 粗俗的"
contention,1,"n. 争论, 争辩, 所持的论点
[计] 争用"
disjunction,1,"n. 分离, 分裂, 分断"
emulation,1,"n. 效法, 竞争
[计] 仿真"
swarm,1,"n. 群, 大群, 蜂群, 分蜂群
vi. 分群, 群集, 聚集一块, 云集, 攀
vt. 挤满, 爬, 攀"
disposable,1,"a. 可任意处理的
[法] 可任意处理或处置的, 可自由使用的"
conviction,1,"n. 定罪, 信服, 坚信
[法] 定罪, 证明有罪, 判罪"
injection,1,"n. 注射, 注射剂
[化] 注入; 注射"
resident,1,"n. 居民, 常驻程序, 居住者, 留鸟
a. 居留的, 定居的"
haunting,1,"a. 常浮现于脑海中的, 不易忘怀的"
hasty,1,"a. 匆匆的, 轻率的, 性怠的"
dull,1,"a. 钝的, 无趣的, 呆滞的, 阴暗的
vt. 使迟钝, 使阴暗, 缓和
vi. 变迟钝, 减少"
specialize,1,"vt. 使特殊化, 列举, 特别指明, 限定...的范围
vi. 成为专家, 专攻"
psychedelic,1,"a. 引起幻觉的, 荧光的
n. 迷幻剂"
piercing,1,"a. 尖厉的, 刺耳的, 刺骨的, 刺穿的, 敏锐的, 彻骨的, 辛辣的, 讽刺的
[化] 冲孔"
mountainous,1,"a. 多山的, 如山的, 巨大的"
inexhaustible,1,"a. 用不完的, 无穷尽的, 不知疲倦的"
latitude,1,"n. 纬度, 范围
[化] 宽容度; 伟度"
objectionable,1,"a. 会引起反对的, 令人讨厌的"
ore,1,"n. 矿石
[经] 矿"
boast,1,"n. 吹牛
vi. 吹牛, 自夸
vt. 夸口说, 自恃有"
illustration,1,"n. 例证, 插图
[化] 插图"
imaginary,1,"a. 想像的, 虚构的, 假想的"
engaging,1,"a. 动人的, 迷人的, 有魅力的"
impersonal,1,"a. 客观的, 和个人无关的, 没有人情味的, 非人称的
n. 非人称动词(或代词)"
arithmetic,1,"n. 算术, 算术知识
[机] 算术; 算术的"
stride,1,"n. 大步, 步幅, 步态, 进步
v. 迈大步走, 跨过, 跨"
pension,1,"n. 养老金, 退休金, 津贴, 年金, 抚恤金, 膳宿学校, 膳宿费
vt. 发给退休金, 用津贴拉拢"
anecdote,1,"n. 轶事, 奇闻"
commonplace,1,"n. 寻常事, 老生常谈, 普通的东西
a. 平凡的, 普通的"
speculative,1,"a. 思索性的, 投机的, 推测的
[经] 投机的, 冒险的"
catholic,1,"n. 天主教徒
a. 天主教的, 普遍的, 广泛的, 宽宏大量的"
arsenic,1,"n. 砷, 砒霜
[化] 砷As"
superstition,1,"n. 迷信
[法] 迷信"
contradict,1,"vt. 反驳, 与...抵触, 与...矛盾
vi. 反驳"
virus,1,"n. 病毒, 滤过性病毒, 毒害
[化] 病毒"
depletion,1,"n. 消耗, 耗尽, 放血
[医] 排除, 缺失(液体), 衰竭[状态](由于缺液)"
epithet,1,"n. 浑名, 绰号, 称号"
confrontation,1,n. 对抗；对质；面对
exemplify,1,"vt. 例证, 例示
[法] 制作经公章证明的誊本, 例证"
justifiable,1,"a. 可辩解的, 可证明的, 有理的
[法] 正当的, 不可非议的, 可办明的"
loaf,1,"n. 一条面包, 块, 游荡
v. 游手好闲, 虚度光阴"
bearing,1,"n. 举止, 轴承, 忍受, 关系, 意义, 方向, 生育
[化] 轴承"
propel,1,"vt. 推进, 驱使
[机] 推进"
renovate,1,"vt. 更新, 革新, 刷新, 修复, 使恢复活力"
inconstancy,1,"n. 易变, 不定性, 反复无常"
strip,1,"n. 长条, 条状, 带, 脱衣舞
vt. 脱衣, 被剥去, 剥夺, 拆卸
vi. 脱衣服"
primeval,1,"a. 初期的, 原始的, 远古的"
cosmos,1,"n. 宇宙, 秩序, 和谐, 大波斯菊
[医] 大波斯菊"
balloon,1,"n. 气球
vt. 使成气球状
vi. 膨胀如气球, 激增"
refinement,1,"n. 精致, 高尚, 精巧
[医] 精制, 精练"
torrent,1,"n. 奔流, 倾盆大雨, 倾注, 迸发"
